Longitudine,Latitudine,Gennaio,Febbraio,Marzo,Aprile,Maggio,Giugno,Luglio,Agosto,Settembre,Ottobre,Novembre,Dicembre,Temp.media annua
44.900,8.617,0.4,3.0,8.1,12.8,17.4,21.4,24.0,23.3,19.3,13.1,6.6,2.0,12.6
44.617,8.667,1.7,3.0,6.9,11.4,16.4,20.7,23.6,22.5,18.7,12.8,7.9,4.1,12.5
45.133,8.433,0.4,2.4,7.5,11.8,16.3,20.3,22.7,21.7,18.3,12.4,7.1,1.6,11.9
44.733,9.150,1.2,3.1,6.7,8.6,12.4,17.0,20.8,18.6,15.4,10.2,5.9,2.8,10.2
44.783,9.000,-0.3,2.5,6.6,11.3,14.9,19.0,21.4,20.6,17.3,11.3,5.5,1.8,11.0
44.850,8.983,-0.3,2.3,6.3,11.4,15.0,20.0,22.6,21.6,17.6,11.4,5.4,1.8,11.3
44.767,8.750,1.7,3.6,8.2,12.6,17.3,21.1,23.8,22.9,19.1,12.7,7.6,3.6,12.9
44.550,8.350,1.5,4.5,8.7,13.4,17.5,21.2,23.4,22.4,18.7,12.9,7.1,3.3,12.9
44.733,8.867,0.9,3.3,7.6,11.9,15.6,20.3,23.0,21.9,18.2,12.8,6.8,3.1,12.1
44.900,8.867,1.1,3.2,8.1,12.8,16.8,21.5,24.2,23.3,19.5,13.0,7.1,2.7,12.8
44.900,8.167,0.7,3.2,8.1,12.6,17.0,21.2,23.7,22.5,19.0,13.0,7.1,2.5,12.6
44.767,8.350,1.7,3.1,7.8,12.6,17.1,21.0,23.7,22.9,18.6,12.7,7.4,3.3,12.7
45.567,8.050,2.6,3.6,7.7,11.6,16.3,19.7,22.4,21.0,17.9,12.2,7.5,4.0,12.2
44.700,7.867,1.0,3.1,7.7,12.7,17.3,21.3,23.7,22.7,19.0,12.7,6.8,2.9,12.6
44.583,7.067,-3.1,0.0,3.5,6.6,10.6,13.9,16.2,15.6,13.1,8.3,2.2,-1.0,7.2
44.700,7.150,-1.1,-0.2,2.2,6.2,10.6,13.9,17.0,16.7,13.7,8.0,2.9,0.4,7.5
44.400,7.533,1.8,3.1,6.7,10.4,14.5,18.8,21.6,20.7,17.2,11.6,6.2,3.0,11.3
44.550,7.717,2.0,3.7,7.6,11.8,15.9,19.6,22.4,21.8,17.9,12.5,7.0,3.5,12.1
44.250,7.800,-0.1,-0.6,1.4,3.4,7.3,11.2,14.4,13.2,11.4,7.8,3.2,0.9,6.1
44.800,8.100,1.6,3.3,7.6,11.5,15.5,19.3,22.0,21.1,18.1,12.5,6.8,2.9,11.9
44.383,7.833,2.9,4.3,7.8,10.6,15.4,18.9,22.1,21.9,18.0,12.4,6.9,4.2,12.1
44.150,7.900,1.0,2.5,5.9,9.7,13.6,17.3,19.8,18.8,15.8,10.9,6.0,2.6,10.3
44.650,7.483,1.1,2.5,6.7,10.9,15.6,19.3,21.8,20.2,17.5,11.5,6.4,2.6,11.3
44.467,7.217,-2.0,-0.9,2.6,6.2,10.8,13.7,16.3,15.5,12.5,7.8,2.7,-0.7,7.0
45.700,8.467,-0.6,1.6,6.1,10.3,14.1,18.1,20.1,19.4,16.0,10.6,5.0,0.9,10.1
45.517,8.683,0.6,2.9,7.1,11.2,15.4,19.2,21.9,21.4,17.8,12.0,6.2,1.8,11.5
45.450,8.600,1.6,3.9,8.4,13.0,18.0,21.7,24.1,22.9,19.3,13.1,7.4,3.2,13.1
45.633,8.367,2.2,3.8,8.0,12.4,16.5,20.2,22.7,21.9,18.8,13.0,7.6,3.7,12.6
45.083,6.700,2.7,3.8,6.2,8.9,12.9,16.4,18.8,18.1,15.4,10.6,5.5,3.8,10.3
45.200,7.650,1.2,3.4,7.5,11.1,15.4,19.2,22.0,21.2,17.8,12.1,6.4,2.5,11.7
45.417,7.733,1.7,4.1,5.8,10.8,15.8,19.9,22.3,21.7,18.2,12.5,6.8,3.1,11.9
45.433,7.233,-5.0,-3.8,-1.2,2.7,7.5,11.0,13.3,12.2,9.5,4.8,0.2,-3.0,4.0
44.983,7.367,-0.3,2.6,6.6,10.9,15.3,19.5,21.8,20.8,17.1,11.6,5.3,0.6,11.0
45.033,7.050,-0.6,0.7,3.4,6.8,10.9,14.3,17.1,16.3,13.3,8.5,3.3,1.0,7.9
45.267,7.450,0.6,1.9,5.8,9.7,14.2,17.4,19.8,18.5,15.6,10.1,5.4,2.1,10.1
45.467,7.867,1.0,2.6,6.9,11.8,16.4,20.1,22.6,21.1,17.9,11.8,6.7,2.8,11.8
44.800,7.250,-1.9,-0.3,4.4,9.2,14.0,18.0,20.4,19.1,15.4,9.2,4.0,0.5,9.3
45.000,7.667,1.1,3.0,8.3,12.7,17.4,21.3,24.2,22.9,19.1,12.4,7.0,2.9,12.7
45.217,6.950,-4.8,-3.7,-1.6,1.8,5.2,9.4,11.7,11.4,8.4,3.9,-0.3,-3.8,3.1
45.033,6.833,-1.0,-0.1,2.9,6.0,10.3,13.4,16.0,15.0,12.4,7.3,2.7,0.5,7.1
45.033,7.733,2.6,3.3,6.7,9.8,14.0,17.7,20.6,20.0,16.8,11.8,6.4,3.8,11.1
45.067,7.683,0.9,3.5,8.0,12.3,16.6,20.7,23.1,22.2,18.6,12.6,6.5,2.3,12.3
45.233,7.200,-4.5,-2.2,1.2,4.6,8.8,12.1,14.4,13.5,10.8,6.1,0.4,-2.9,5.2
46.050,8.067,-2.0,-0.6,2.2,5.9,9.3,13.5,15.9,15.1,12.2,7.1,2.5,-0.8,6.7
46.117,8.283,1.4,3.4,7.8,12.1,16.5,19.9,22.1,20.9,17.6,11.8,6.3,2.6,11.9
45.917,8.550,3.0,4.8,8.1,11.7,15.3,19.4,22.1,21.3,18.1,13.1,7.4,3.8,12.3
45.833,7.950,-1.5,-0.1,3.0,7.1,10.9,14.1,16.9,16.5,14.1,9.3,3.2,0.0,7.8
45.817,8.250,1.1,3.2,7.0,10.9,15.0,18.4,21.1,20.1,16.8,11.6,6.0,2.1,11.1
45.333,8.367,0.6,3.2,7.3,12.3,17.5,21.4,23.4,22.2,18.2,12.6,6.7,1.8,12.3
45.733,7.317,0.6,3.1,7.1,10.9,15.7,18.8,21.3,19.5,16.4,10.6,5.1,2.1,10.9
45.750,7.733,-4.3,-2.1,1.9,6.3,10.9,14.4,16.7,15.4,12.5,6.5,0.6,-2.8,6.3
45.783,6.967,-0.9,0.4,2.9,6.8,11.3,14.7,17.0,15.9,13.4,8.5,3.2,0.7,7.8
45.850,7.817,-3.6,-3.3,-1.2,1.9,6.0,9.9,12.7,12.1,9.7,5.5,0.5,-2.7,4.0
45.783,7.850,-4.8,-3.6,0.1,4.2,8.1,11.4,13.8,12.9,10.4,5.1,0.1,-2.8,4.6
45.817,7.533,-1.2,-0.7,1.1,4.0,8.2,11.9,14.6,13.9,11.3,7.6,2.6,0.1,6.1
45.817,7.317,0.4,1.8,5.2,8.6,12.0,14.7,16.8,16.2,13.9,9.2,4.4,1.6,8.7
45.700,9.667,1.5,4.0,7.5,11.6,16.3,19.9,22.4,21.8,18.5,13.1,7.4,2.2,12.2
45.750,9.917,1.5,3.9,7.5,11.6,16.2,19.9,22.3,21.8,18.5,13.1,7.3,2.1,12.1
45.900,9.950,1.0,2.4,5.8,9.8,14.2,17.7,20.4,19.6,16.6,11.4,6.0,2.5,10.6
46.050,9.733,-2.1,-1.1,1.5,4.0,7.1,10.0,13.6,14.8,11.0,6.6,2.2,0.3,5.7
45.667,9.700,2.2,3.8,7.9,11.5,16.0,19.7,22.4,21.8,18.5,13.2,7.2,3.2,12.3
45.833,9.667,1.0,3.5,7.4,11.4,15.6,19.2,21.5,20.9,17.9,12.8,7.0,2.7,11.7
45.967,10.300,-1.0,1.8,5.2,9.4,13.6,17.6,20.5,19.7,16.3,10.7,5.6,1.0,10.0
45.533,10.217,1.8,4.4,9.6,13.7,17.9,22.3,24.6,23.9,20.1,14.3,8.1,3.7,13.7
45.533,9.933,2.3,4.7,9.3,13.4,17.7,21.2,23.7,23.1,20.4,14.7,8.7,4.1,13.6
45.467,10.533,3.0,4.8,8.9,13.3,17.3,21.0,23.4,22.7,19.3,14.4,8.9,4.7,13.5
45.417,10.283,1.1,3.5,8.1,12.1,16.9,20.8,23.4,22.6,19.1,13.4,7.1,2.3,12.5
45.733,10.483,-1.2,0.8,5.3,9.9,13.7,17.8,20.1,19.4,16.1,10.7,4.6,0.4,9.8
45.617,10.533,3.7,5.2,8.8,12.7,16.9,21.1,23.6,22.9,19.5,14.1,8.5,4.5,13.5
45.867,9.267,1.8,3.2,6.7,10.6,14.9,18.7,20.7,19.8,16.8,11.7,6.6,3.3,11.2
45.800,9.083,3.7,5.5,8.8,12.7,16.4,20.7,23.4,22.4,18.9,14.0,8.5,4.7,13.3
45.133,10.017,1.7,4.2,8.8,13.0,17.7,21.8,24.3,23.0,19.7,13.6,7.4,2.7,13.2
46.033,9.300,3.1,5.7,9.2,12.7,16.5,20.2,23.0,21.9,18.8,13.9,8.8,5.0,13.2
45.167,9.700,0.9,3.0,8.1,12.9,16.9,21.2,23.4,22.6,19.1,13.2,7.4,2.5,12.6
45.317,9.500,1.0,3.4,8.6,13.5,17.8,22.6,24.5,23.4,19.6,13.4,7.3,2.5,13.1
45.400,8.917,0.8,3.0,8.1,13.1,17.6,22.6,24.6,23.1,19.4,13.0,7.3,2.2,12.9
45.467,9.183,3.1,5.4,9.5,13.6,17.6,21.7,24.6,23.3,20.0,14.3,8.3,4.0,13.8
45.433,9.283,1.6,3.9,8.4,12.3,16.8,20.7,23.2,22.4,18.9,13.0,7.1,2.6,12.6
45.167,10.750,1.3,3.7,8.6,13.0,17.8,21.9,24.3,23.6,19.8,13.9,7.8,3.1,13.2
44.933,10.517,1.3,3.8,8.9,13.2,16.9,21.0,23.1,22.6,19.0,13.3,7.8,3.1,12.8
44.983,9.200,0.8,2.7,7.0,11.2,14.9,19.2,21.6,21.0,17.7,12.1,6.4,2.3,11.4
45.183,9.167,1.0,3.7,8.4,12.7,17.3,21.1,23.4,22.6,19.0,13.2,6.8,2.3,12.6
44.983,8.967,0.3,2.9,7.6,11.8,15.9,20.0,23.1,22.3,18.7,12.9,6.4,1.6,12.0
46.150,10.133,-5.3,-3.7,-0.1,4.3,9.4,13.9,16.2,15.1,11.3,5.8,0.0,-4.6,5.2
46.467,10.367,-1.8,0.0,3.2,7.2,11.5,14.8,16.8,15.8,13.5,8.6,3.0,-0.5,7.7
46.400,9.350,-1.1,-0.1,2.8,6.4,10.1,13.9,15.6,15.0,12.2,7.3,3.0,-0.1,7.1
46.317,9.400,2.7,5.1,8.9,12.8,16.8,20.1,22.4,21.7,18.1,12.6,7.3,3.5,12.7
46.300,9.850,-3.7,-1.0,2.2,5.8,9.4,13.7,16.0,15.3,12.5,7.7,2.2,-2.8,6.4
46.167,9.833,0.9,3.6,7.7,11.5,15.6,18.8,21.0,20.2,17.4,12.2,6.6,2.4,11.5
45.917,8.883,1.8,2.7,5.6,9.5,13.9,17.5,20.1,18.6,15.4,11.8,6.4,2.9,10.5
45.617,8.733,1.0,2.9,6.9,10.8,15.3,19.0,21.9,21.3,17.7,12.1,6.2,2.0,11.4
45.733,8.900,2.3,4.1,7.5,11.4,15.1,19.0,21.7,20.7,17.7,12.7,7.0,3.4,11.9
45.617,8.683,1.0,3.2,6.6,10.6,15.3,19.5,21.9,20.7,16.9,11.7,6.2,1.6,11.3
46.350,11.383,-3.6,-2.0,0.4,6.4,9.8,14.1,16.8,16.1,11.6,5.8,0.9,-1.9,6.2
46.567,11.917,-4.9,-2.9,0.6,4.5,8.5,12.4,14.4,13.9,11.1,5.9,0.6,-3.6,5.0
46.517,11.350,0.2,3.7,8.7,13.0,17.1,20.2,22.2,21.3,18.5,12.4,6.0,1.1,12.0
46.983,11.483,-5.5,-3.8,-0.2,4.6,8.8,12.8,14.5,13.7,11.5,6.7,0.6,-4.3,5.0
46.967,11.333,-4.9,-2.1,1.3,5.1,9.2,12.5,14.6,14.1,12.0,7.4,0.6,-3.9,5.5
46.733,11.650,-2.3,0.8,5.2,9.7,14.4,17.8,19.4,18.6,15.5,9.8,4.3,-0.7,9.4
46.950,12.050,-4.8,-2.8,0.4,4.0,7.7,11.3,13.3,12.8,10.3,5.3,0.0,-4.0,4.5
46.550,11.883,-6.8,-5.1,-1.4,2.6,6.9,10.5,12.8,12.2,9.8,4.7,-1.4,-5.6,3.3
46.750,10.533,-4.2,-3.1,0.3,3.9,8.3,11.5,13.8,13.3,10.8,6.2,1.0,-2.6,4.9
46.733,12.217,-4.8,-2.8,1.2,5.0,9.5,12.9,15.2,14.6,11.7,6.7,0.8,-3.7,5.5
46.517,11.500,-2.5,-0.4,3.5,8.2,12.5,16.0,17.5,16.6,13.6,8.5,3.2,-1.5,7.9
46.833,11.167,-1.8,1.0,3.9,7.5,11.5,14.6,16.7,16.2,13.8,9.5,2.9,-0.8,7.9
46.567,11.667,-3.8,-0.3,3.2,6.9,11.3,15.0,17.8,17.5,14.1,8.4,1.0,-3.9,7.3
46.633,10.583,-1.8,-0.1,4.4,8.4,12.9,16.5,18.3,17.7,14.1,8.3,2.8,-0.7,8.4
46.483,11.017,-3.7,-2.3,0.6,4.5,8.3,12.3,14.7,14.2,11.1,6.1,1.0,-2.3,5.4
46.783,12.033,-5.2,-2.4,2.0,6.3,10.4,13.9,16.1,15.7,13.1,8.0,2.2,-2.9,6.4
46.533,11.400,-2.7,-1.4,1.7,5.6,9.8,13.3,15.3,14.5,12.2,7.4,2.4,-1.4,6.4
46.700,12.350,-6.3,-4.0,-0.1,4.0,8.4,11.9,13.9,13.5,11.2,6.3,0.0,-5.2,4.5
46.633,10.767,-0.9,1.5,5.7,9.9,13.8,17.0,18.8,17.9,15.1,10.0,4.2,0.5,9.5
46.567,11.167,-1.8,-0.2,3.0,7.7,12.3,15.5,17.1,16.4,13.3,8.5,3.0,-1.3,7.8
46.633,10.467,-3.8,-1.0,2.3,6.7,11.0,14.5,16.2,15.1,12.5,7.1,1.3,-2.5,6.6
46.900,11.417,-1.6,1.0,4.4,8.3,12.8,16.5,18.2,17.2,14.5,9.1,3.9,-0.5,8.7
46.233,11.417,-3.8,-1.8,1.6,5.9,9.9,13.6,16.0,14.9,11.8,6.6,1.4,-1.8,6.2
46.283,11.450,-1.2,0.5,3.3,7.0,11.2,14.9,17.0,16.7,13.8,9.1,3.5,-0.4,8.0
45.967,11.217,-2.2,-0.2,3.2,7.5,11.1,15.1,17.3,16.6,13.1,8.1,2.6,-1.1,7.6
46.383,11.017,-0.7,1.7,6.0,9.8,13.9,17.5,19.5,19.1,16.6,11.3,4.6,0.5,10.0
45.933,11.167,-0.5,0.9,3.7,7.5,10.8,15.0,17.3,16.9,13.7,8.8,4.3,1.0,8.3
46.133,11.767,-1.9,0.5,4.5,9.5,12.9,17.4,19.1,17.7,14.5,9.3,4.0,0.0,9.0
45.950,11.250,-2.5,-1.1,1.7,5.5,9.3,13.3,15.6,15.1,12.2,7.2,2.3,-0.9,6.5
46.017,11.283,-0.9,1.6,6.5,11.0,15.2,18.3,20.5,20.0,16.8,11.4,5.6,0.9,10.6
46.050,11.317,-2.2,-1.0,1.4,4.5,7.8,11.9,14.0,13.7,10.9,6.9,3.0,-0.4,5.9
46.467,11.700,-5.1,-2.5,1.0,5.2,9.2,12.7,14.6,14.3,11.8,7.1,0.8,-3.8,5.4
46.217,11.083,-0.9,2.2,7.1,11.4,15.5,18.5,20.3,19.8,16.9,11.3,5.0,0.1,10.6
46.367,10.683,-0.9,0.4,2.3,5.2,9.3,13.0,14.8,15.0,12.8,8.7,2.7,-0.5,6.9
46.067,11.233,-0.9,1.9,6.2,10.4,14.7,18.5,20.5,19.7,16.6,11.3,5.2,0.4,10.4
46.317,11.600,-3.7,-1.5,2.4,6.3,10.1,13.5,15.7,15.1,13.0,7.8,2.3,-2.4,6.6
45.883,10.833,3.2,4.2,8.2,12.6,16.5,20.5,22.5,21.7,18.6,13.1,7.6,3.8,12.7
45.883,10.950,-1.1,0.3,3.8,7.4,11.9,15.2,17.1,15.8,13.7,9.0,4.3,0.8,8.2
45.900,11.033,1.8,4.2,8.6,12.6,16.7,20.8,23.2,22.1,18.4,12.6,6.7,2.5,12.5
46.083,10.900,0.0,1.9,5.3,9.6,13.3,17.1,19.4,18.9,15.9,10.8,5.4,1.0,9.9
46.183,11.133,0.5,3.6,7.8,11.7,15.7,19.2,21.4,21.1,18.0,12.3,5.9,1.5,11.6
46.100,11.300,-0.8,1.3,4.7,7.8,11.3,14.4,16.6,16.3,13.7,8.5,3.0,-0.5,8.0
46.267,11.800,-3.3,-2.1,0.5,3.9,7.8,10.9,13.0,12.8,10.3,6.0,1.1,-1.8,4.9
46.117,11.483,-1.7,-1.0,2.3,6.8,11.3,14.6,16.6,16.3,13.3,8.6,3.2,-0.9,7.5
46.067,11.117,1.6,4.0,8.2,12.2,16.0,19.9,22.4,21.6,18.1,12.1,6.5,2.4,12.1
46.283,12.033,-1.0,0.9,5.0,9.4,13.7,16.9,19.1,18.6,15.6,10.4,4.4,-0.1,9.4
46.433,11.983,-3.3,-0.7,3.1,7.5,11.9,15.2,17.2,16.9,14.4,9.2,2.9,-2.2,7.7
46.583,12.250,-5.5,-4.8,-2.2,1.4,5.7,9.3,11.4,11.2,9.0,4.8,-0.5,-4.2,3.0
46.567,12.433,-5.2,-2.1,2.5,7.2,11.7,15.2,17.0,16.7,14.0,8.8,2.7,-3.3,7.1
46.117,12.217,-0.4,1.9,6.4,10.7,14.9,18.7,20.9,20.4,17.3,11.8,5.9,1.1,10.8
46.533,12.133,-2.5,-1.2,1.9,5.7,10.0,13.4,15.4,14.8,12.4,7.9,2.5,-1.3,6.6
46.367,11.850,-3.6,-1.7,1.6,5.7,10.1,13.5,15.5,15.2,12.6,8.1,2.1,-2.4,6.4
46.350,12.167,-3.4,-0.8,3.2,7.3,11.5,15.0,17.2,16.6,14.0,9.0,3.2,-2.1,7.6
46.233,11.950,-2.6,-0.3,1.7,5.8,9.1,12.9,15.2,14.8,12.0,7.2,2.4,-0.5,6.5
46.483,11.983,-3.0,-1.5,1.4,4.6,8.2,12.0,14.4,14.1,11.7,6.8,2.0,-1.6,5.8
46.500,11.867,-4.9,-2.8,-0.1,3.5,7.6,11.1,13.3,12.7,10.8,6.4,0.6,-3.7,4.5
46.233,12.283,-0.3,2.2,6.2,10.4,14.1,18.2,20.2,19.5,16.6,11.6,5.8,2.0,10.5
46.400,12.350,-2.0,0.5,4.4,8.6,12.9,16.4,18.5,18.0,15.1,10.0,4.2,-0.9,8.8
46.417,12.383,-2.1,-0.4,3.5,8.0,12.2,15.8,17.6,17.4,14.6,9.5,4.3,-1.1,8.3
46.567,12.550,-6.4,-2.1,2.2,6.3,11.0,14.8,16.7,16.6,13.9,8.4,1.5,-4.8,6.5
46.567,12.683,-4.7,-2.6,0.7,4.5,8.9,12.8,14.6,14.3,11.9,7.1,1.3,-3.8,5.4
45.983,11.850,-1.2,1.3,6.0,10.3,14.6,18.0,20.1,19.9,17.0,11.7,5.4,0.1,10.3
46.400,12.100,-3.4,-1.3,1.6,5.4,9.1,13.1,15.3,14.9,11.9,7.1,2.3,-1.8,6.2
45.250,11.750,1.7,4.2,7.8,12.6,16.7,21.4,23.8,23.0,19.3,14.1,7.8,3.5,13.0
45.217,11.467,1.8,4.8,8.0,12.6,17.3,21.1,23.3,22.5,19.1,13.3,7.6,1.9,12.8
45.400,11.867,2.1,4.3,8.4,12.7,17.2,21.1,23.3,22.7,19.2,13.7,8.0,3.6,13.0
45.317,11.683,1.4,2.5,6.0,10.3,14.1,18.5,21.0,20.9,17.5,11.8,6.8,2.9,11.1
45.100,11.467,1.7,4.9,8.7,12.7,17.0,20.9,22.8,22.2,18.8,13.0,7.2,2.0,12.7
44.983,12.033,1.5,4.3,8.0,13.3,18.0,21.6,23.5,23.2,20.0,15.2,9.1,3.4,13.4
45.050,11.767,1.6,4.0,8.6,12.9,17.6,21.5,24.1,23.4,19.7,13.9,7.9,3.2,13.2
45.133,11.883,0.1,3.1,7.7,11.8,16.3,20.7,22.9,22.1,18.6,12.9,6.6,2.3,12.1
45.683,11.933,1.9,3.7,8.0,12.9,17.6,21.5,23.5,23.0,19.5,14.1,8.2,3.2,13.1
45.967,12.133,2.1,4.7,8.0,12.6,16.2,20.3,22.2,21.9,18.8,13.4,7.7,3.8,12.6
45.700,12.100,2.7,4.3,8.2,12.2,16.9,20.7,23.1,22.7,19.1,13.6,7.8,3.5,12.9
45.783,12.033,3.1,4.3,7.9,12.7,17.5,20.9,23.0,22.5,19.4,14.6,8.6,4.3,13.2
45.867,11.867,2.8,4.5,7.5,11.7,15.2,19.6,21.7,21.5,18.3,13.3,7.9,4.7,12.4
45.667,12.250,3.0,4.5,8.3,12.8,17.5,21.2,23.3,22.6,19.2,14.1,8.7,4.3,13.3
45.233,12.267,2.9,4.2,8.2,12.8,17.5,20.9,23.8,23.3,20.1,14.9,9.1,4.4,13.5
45.783,12.833,1.7,3.3,7.0,12.1,16.7,20.3,22.5,21.9,18.6,13.4,7.6,2.9,12.3
45.417,12.317,3.7,5.4,9.0,12.9,17.3,21.3,24.0,23.8,20.2,14.8,9.0,4.6,13.8
45.500,12.233,1.5,3.1,7.1,12.0,16.6,20.2,22.3,21.7,18.4,13.1,7.6,2.9,12.2
45.883,11.500,-2.3,-1.0,2.3,5.7,9.8,13.3,15.6,15.1,12.5,8.3,3.1,-0.8,6.8
45.783,11.733,2.3,3.9,7.6,12.0,17.0,20.5,22.6,22.1,19.2,14.2,8.1,3.4,12.7
45.783,11.417,1.0,3.9,7.6,12.4,16.1,20.1,22.2,21.9,18.5,12.6,6.7,2.8,12.2
45.900,11.633,-0.8,0.9,3.5,7.0,10.4,14.3,16.8,16.8,13.5,8.5,4.0,0.5,8.0
45.783,11.600,2.5,3.8,6.3,10.1,14.4,18.1,20.4,20.1,17.1,12.7,7.3,3.7,11.4
45.700,11.200,1.4,3.2,6.6,10.5,14.5,17.8,20.0,19.4,16.5,12.2,6.8,2.0,10.9
45.717,11.467,2.8,3.9,8.0,12.1,17.0,20.5,22.8,22.1,19.1,14.2,8.3,4.2,12.9
45.867,11.333,-2.0,-1.1,1.9,5.6,9.7,13.3,15.6,15.5,12.6,8.3,3.0,-1.0,6.8
45.567,11.533,2.4,4.3,8.2,12.2,17.1,20.7,23.1,22.5,19.0,13.4,7.7,3.4,12.8
45.317,11.383,2.0,4.3,8.6,13.3,17.7,21.6,23.6,22.9,19.6,14.0,8.3,3.1,13.3
45.750,10.800,6.7,7.7,10.0,13.0,17.3,20.6,23.7,23.5,20.4,15.8,10.8,7.1,14.7
45.300,11.200,3.0,5.5,8.6,12.2,17.2,21.1,23.4,22.5,18.9,13.2,7.3,2.6,13.0
45.433,10.983,3.2,5.3,9.1,13.0,16.9,20.9,23.7,23.1,19.5,14.1,8.4,3.8,13.4
45.383,10.867,1.8,4.1,8.2,12.1,16.9,20.7,23.3,22.7,19.0,13.3,7.4,2.8,12.7
45.933,13.617,3.4,4.7,7.9,12.3,16.3,19.6,21.8,21.7,18.8,14.3,9.2,5.0,12.9
45.717,13.483,3.6,4.5,7.8,12.2,16.8,20.6,22.8,22.5,19.4,14.8,9.5,5.1,13.3
45.817,13.467,3.8,5.3,8.3,11.9,16.7,20.1,22.8,22.5,18.9,13.7,8.4,4.6,13.1
46.033,12.600,2.8,4.2,7.5,12.1,16.5,20.2,22.5,22.0,18.6,13.5,8.3,4.0,12.7
46.300,12.433,-1.6,1.4,5.5,10.4,14.0,17.8,20.1,19.7,16.9,11.1,4.7,0.6,10.1
46.233,12.500,-3.2,-0.3,3.4,7.5,12.4,15.8,17.7,17.5,14.4,9.5,3.4,-3.1,7.9
46.183,12.717,1.5,2.7,6.2,10.5,14.7,18.1,20.1,19.7,16.9,12.6,7.0,3.0,11.1
45.967,12.667,3.0,5.2,8.5,12.7,17.6,21.5,22.9,22.0,18.3,13.0,7.9,3.5,13.0
45.850,12.817,1.7,3.6,6.9,11.5,16.0,19.6,21.5,21.0,17.9,13.0,7.6,3.4,12.0
46.300,12.800,0.8,2.0,5.3,9.2,13.4,16.9,18.9,18.6,15.7,11.4,6.2,2.0,10.0
45.717,13.767,3.0,3.9,7.6,10.4,14.4,18.5,21.4,21.3,18.0,12.7,7.5,4.1,11.9
45.650,13.867,1.5,2.8,5.7,9.9,14.0,18.4,20.6,20.3,17.0,11.8,6.7,3.3,11.0
45.650,13.750,5.3,6.1,9.2,13.4,18.0,21.5,24.2,23.8,20.3,15.4,10.3,6.7,14.5
46.033,13.183,3.6,4.8,8.1,12.2,16.6,20.2,22.5,22.0,18.8,13.9,8.8,4.8,13.0
46.400,13.383,-3.0,-1.4,3.1,7.9,12.3,16.1,18.2,17.6,14.4,8.4,3.2,-1.2,8.0
46.100,13.433,0.3,1.4,5.0,9.3,13.7,17.0,19.2,18.9,15.8,11.2,5.7,1.8,9.9
45.983,13.033,3.5,4.9,8.2,11.8,16.8,20.1,22.6,22.5,18.8,13.6,8.1,4.3,12.9
46.583,12.783,-2.7,0.2,3.1,5.9,9.5,12.9,15.1,15.0,13.0,9.2,2.6,-2.4,6.8
46.433,12.583,-1.0,0.0,3.1,6.9,11.2,14.7,16.5,16.2,13.8,9.4,3.8,-0.1,7.9
46.283,13.150,3.1,3.9,7.5,11.7,16.0,19.4,21.6,21.1,18.2,13.7,8.1,4.1,12.4
46.267,13.267,-0.7,0.3,3.6,7.9,12.0,15.7,17.6,17.2,14.3,9.8,5.0,0.8,8.6
46.117,13.117,2.9,3.9,7.1,11.4,15.9,19.3,21.4,20.9,18.2,13.4,7.9,4.1,12.2
46.583,13.000,-0.8,1.4,4.7,8.7,12.9,16.6,18.8,18.5,15.6,10.6,5.0,0.9,9.4
46.533,13.117,0.8,2.1,5.4,8.8,12.8,16.2,18.1,17.9,15.7,11.7,5.7,1.7,9.7
46.517,13.300,-1.8,0.4,4.3,8.6,12.7,16.5,18.6,18.3,15.2,9.6,3.0,-0.4,8.8
46.533,12.950,1.0,2.7,5.3,8.4,12.4,16.5,18.8,18.3,15.3,10.7,6.2,2.8,9.9
46.367,13.317,-3.2,-1.5,2.6,7.3,12.8,16.9,18.8,17.9,14.5,9.6,4.2,-1.2,8.2
46.467,12.717,-2.2,-1.4,1.4,4.7,9.1,12.8,15.0,14.7,12.3,8.0,2.3,-1.5,6.3
46.200,13.533,-0.6,0.7,3.6,7.3,11.2,14.9,17.4,17.3,14.3,9.3,4.4,1.1,8.4
46.500,13.583,-2.5,-0.5,3.3,7.1,11.7,15.2,17.4,17.1,14.0,8.8,2.9,-1.3,7.8
46.400,13.017,0.7,2.2,5.8,10.3,15.0,18.3,20.4,19.9,17.2,12.0,6.2,2.1,10.8
46.067,13.233,3.1,4.4,7.9,12.6,17.0,20.4,22.6,22.1,19.0,14.1,8.6,4.5,13.0
44.367,9.350,6.9,7.5,9.9,12.8,16.2,19.7,21.9,21.4,19.1,14.7,11.1,8.6,14.2
44.317,9.317,8.4,9.0,10.9,13.6,16.8,20.5,23.5,23.1,20.5,16.6,12.4,9.4,15.4
44.417,8.850,8.2,8.8,11.2,13.7,17.4,20.7,24.0,24.1,21.1,17.1,12.3,9.3,15.7
44.417,8.917,8.0,8.8,11.0,14.1,17.5,20.9,23.8,23.7,21.2,17.1,12.5,9.5,15.7
44.650,8.950,2.4,3.4,7.0,11.2,15.9,20.0,23.0,22.3,18.0,13.1,7.5,3.5,12.3
44.533,8.900,2.3,3.8,6.9,10.6,14.5,18.1,20.6,20.0,17.1,12.4,7.3,4.1,11.5
44.517,9.250,0.4,1.1,4.9,8.4,12.3,16.5,18.6,18.0,15.0,10.8,6.3,1.7,9.5
44.483,9.350,0.3,1.6,4.1,7.8,11.4,15.4,17.8,17.0,14.3,9.3,5.1,1.3,8.8
44.550,9.450,-0.6,1.0,3.8,7.5,11.2,15.8,17.9,17.5,13.8,9.1,4.6,1.0,8.6
44.517,9.167,2.8,3.4,6.0,8.9,12.3,16.3,18.9,18.3,15.4,11.1,6.9,4.0,10.4
43.867,7.550,5.5,7.6,10.2,12.9,16.3,19.7,22.5,22.2,19.8,15.6,9.3,6.1,14.0
43.883,8.000,9.8,10.1,11.9,14.5,17.5,21.0,23.8,23.8,21.2,17.5,13.3,10.8,16.3
43.933,8.000,6.5,7.0,9.6,12.5,16.4,19.6,22.8,22.3,19.2,14.9,10.3,7.6,14.1
43.900,7.583,7.2,8.6,10.8,13.9,17.5,20.7,23.7,23.6,21.0,16.7,11.4,8.0,15.3
43.817,7.783,10.1,10.4,12.1,14.8,17.9,21.2,23.9,23.7,21.6,18.0,13.8,11.4,16.6
44.250,9.833,6.5,6.7,9.1,12.6,16.3,19.6,22.0,21.9,19.4,15.3,10.5,7.8,14.0
44.100,9.817,7.6,8.3,10.6,14.2,18.0,21.7,24.3,23.8,21.1,16.9,12.2,9.3,15.7
44.083,9.983,7.2,8.0,10.1,12.6,16.6,20.0,23.2,23.3,20.1,15.8,11.1,8.0,14.7
44.117,9.967,6.8,7.4,9.7,12.9,16.3,20.0,22.7,22.3,19.9,15.7,11.0,8.0,14.4
44.000,8.167,9.7,10.1,12.1,14.8,17.8,21.6,24.9,24.8,22.3,18.3,13.6,10.7,16.7
44.050,8.217,8.1,8.8,11.0,13.9,17.3,20.7,23.2,22.9,21.0,17.3,12.4,9.6,15.5
43.950,8.167,9.2,9.3,11.0,13.1,16.6,20.0,23.3,23.8,21.0,17.3,12.8,10.2,15.6
44.150,8.267,9.1,9.7,11.1,13.8,16.9,20.4,23.4,23.4,21.1,17.7,13.1,10.2,15.8
44.317,8.467,7.5,8.4,10.9,14.0,17.3,21.2,24.1,23.9,21.1,16.8,11.7,8.7,15.5
44.383,8.483,4.3,5.4,8.1,11.8,15.7,19.4,22.2,22.0,19.3,14.4,9.3,6.2,13.2
44.367,8.567,7.5,8.0,10.4,13.5,16.9,20.4,22.9,22.8,20.3,16.2,11.7,9.1,15.0
44.550,11.200,1.1,4.0,7.8,11.8,16.0,20.2,22.7,22.3,18.9,13.3,7.2,2.2,12.3
44.533,11.300,1.9,4.4,8.7,12.7,17.3,21.3,24.1,23.8,20.2,14.3,8.0,3.3,13.3
44.483,11.333,2.4,4.6,9.1,13.1,17.7,22.0,24.8,24.2,20.3,14.5,8.4,3.9,13.8
44.350,11.717,2.6,5.3,9.2,13.0,17.4,21.3,23.7,23.5,20.1,14.7,8.6,3.5,13.6
44.717,11.533,0.1,3.8,8.3,13.1,17.5,21.6,23.5,23.2,19.7,14.5,8.3,2.8,13.0
44.267,11.267,1.6,3.1,6.0,10.0,14.3,18.5,21.0,20.8,17.4,12.0,7.0,3.6,11.3
44.150,10.967,1.8,3.4,6.1,9.8,14.2,18.1,20.2,19.5,16.3,11.4,6.9,2.4,10.8
44.833,12.100,2.1,5.0,8.6,12.9,17.6,21.5,23.5,22.9,19.6,14.2,8.2,3.0,13.3
44.833,11.617,1.6,4.1,8.7,12.9,17.4,21.5,24.0,23.5,19.8,14.0,8.1,3.3,13.2
44.133,12.250,2.7,4.8,8.7,13.1,17.4,21.3,23.7,23.5,20.4,15.5,9.5,4.9,13.8
44.200,12.333,2.9,4.2,7.8,12.3,16.3,20.6,22.7,22.7,19.5,14.6,9.4,5.0,13.2
44.217,12.033,3.1,5.5,9.6,13.3,18.1,22.2,24.7,24.2,20.7,15.1,9.0,4.2,14.1
44.050,11.850,2.1,4.2,7.9,12.1,16.1,19.8,22.2,22.2,18.8,13.6,8.6,4.4,12.7
43.783,12.017,0.6,1.7,4.5,8.7,12.9,17.3,20.1,20.2,16.7,11.4,6.3,2.9,10.3
44.217,10.533,-1.0,-0.5,1.9,5.7,10.1,14.6,16.8,16.2,12.9,7.6,3.4,0.7,7.4
44.650,10.900,2.2,4.9,8.6,13.2,17.7,21.6,24.2,23.2,19.8,14.6,8.4,3.0,13.5
44.350,10.833,0.1,1.8,4.8,8.7,12.7,16.7,19.0,18.7,15.4,10.2,5.8,2.1,9.7
44.200,10.617,0.6,1.6,4.4,8.7,12.7,17.2,19.9,18.8,15.1,11.3,6.1,1.9,9.9
44.233,10.767,0.7,1.8,4.1,7.6,12.0,16.0,18.8,18.4,15.1,10.0,5.3,2.3,9.3
44.517,10.967,2.1,4.0,8.6,13.3,17.2,21.6,24.0,23.3,20.1,14.2,9.1,3.8,13.4
44.383,11.000,1.3,2.7,5.4,9.3,13.5,17.4,19.9,19.7,16.3,11.1,6.6,3.4,10.6
44.767,9.383,0.7,2.9,7.0,11.4,15.9,19.7,22.3,21.7,18.0,12.8,6.9,3.1,11.9
44.717,9.567,1.0,2.5,6.7,10.9,14.9,18.8,21.6,20.1,17.3,12.2,6.8,2.8,11.3
44.917,9.900,1.2,2.9,8.0,12.6,16.9,21.3,23.8,23.1,19.5,13.3,7.6,2.7,12.7
44.800,9.733,1.7,3.4,7.0,11.5,15.3,19.6,22.8,22.3,18.6,12.5,7.1,3.2,12.1
45.033,9.733,0.7,3.2,8.0,12.2,16.7,20.8,23.3,22.6,18.9,13.0,6.8,2.2,12.4
44.917,9.750,0.9,3.2,7.5,11.2,15.7,19.7,22.5,22.0,18.4,12.7,6.7,2.0,11.9
44.900,9.583,1.5,3.8,8.4,12.6,16.4,20.9,23.4,22.7,19.0,13.3,7.6,3.5,12.8
44.500,9.633,1.0,2.6,5.6,9.6,14.0,17.6,20.0,19.3,16.4,11.5,6.7,3.1,10.6
44.500,9.983,0.0,0.6,4.1,8.0,12.1,16.7,18.9,18.9,15.3,9.8,4.9,1.6,9.2
44.483,9.767,1.0,2.7,6.8,11.2,14.9,18.9,21.5,20.8,17.4,12.3,6.8,2.5,11.4
44.667,10.150,1.4,2.9,7.1,11.4,15.1,19.6,22.3,21.6,18.0,12.3,7.1,2.2,11.8
44.683,10.417,0.9,3.0,7.5,12.4,17.1,21.8,23.9,23.3,19.6,13.4,7.6,2.9,12.8
44.800,10.317,1.3,3.9,8.9,13.1,17.6,21.8,24.4,23.8,19.9,13.9,7.6,2.9,13.3
44.817,9.967,1.3,3.6,7.7,12.0,16.4,20.4,22.9,22.2,18.9,13.3,7.4,3.1,12.4
44.500,12.033,1.9,4.8,8.6,12.3,16.6,20.5,22.7,22.4,19.2,14.0,8.0,2.7,12.8
44.417,11.967,2.0,5.1,8.4,12.8,17.1,20.8,23.1,22.8,19.6,14.3,8.6,2.9,13.1
44.150,11.683,2.1,4.0,7.3,11.3,15.4,19.1,21.7,21.7,18.6,13.4,8.3,4.4,12.3
44.217,12.300,3.0,4.8,8.2,11.5,16.2,19.9,22.5,22.6,19.3,14.2,8.1,4.0,12.9
44.283,11.867,2.5,5.0,9.1,13.0,17.5,21.5,24.1,23.4,20.1,14.7,8.5,3.7,13.6
44.433,12.300,3.0,5.0,8.7,12.7,17.1,20.8,23.5,23.4,20.1,14.9,9.0,4.4,13.6
44.383,12.233,2.1,4.3,8.2,12.6,16.9,21.0,23.5,23.1,20.0,14.7,8.9,4.3,13.3
44.500,10.600,2.1,3.7,6.7,11.1,15.6,19.9,22.2,22.3,18.9,12.9,7.2,4.0,12.2
44.583,10.450,1.5,2.9,6.8,11.4,15.2,19.5,22.1,21.5,18.0,12.2,6.7,2.7,11.7
44.483,10.483,1.2,2.5,5.5,9.4,13.4,18.5,21.2,20.6,17.1,11.6,6.6,2.5,10.8
44.517,10.500,0.7,2.2,6.1,10.7,14.3,19.1,21.5,20.7,17.2,11.5,6.8,1.9,11.1
44.433,10.400,1.1,2.5,5.7,9.7,13.3,17.8,20.2,19.4,16.0,10.8,6.3,2.4,10.4
44.317,10.350,0.8,1.6,4.3,8.1,12.0,15.7,19.0,18.3,15.0,10.1,5.3,2.4,9.4
44.700,10.633,1.3,3.7,8.5,12.6,17.3,21.5,24.0,23.4,19.5,13.7,7.7,2.9,13.0
44.583,10.667,1.8,3.4,8.1,12.6,16.6,21.1,23.6,23.0,19.6,13.6,7.9,3.2,12.9
44.383,10.450,2.3,3.0,7.1,11.3,15.3,20.4,22.9,21.9,17.9,12.6,7.8,3.0,12.1
44.000,12.650,4.3,7.2,9.8,13.4,17.5,20.8,23.3,23.2,19.8,15.1,10.1,5.2,14.1
44.067,12.567,3.9,5.7,8.8,13.0,17.2,21.1,23.5,23.3,20.0,15.1,10.0,5.5,13.9
43.933,12.450,1.5,2.3,5.6,9.4,13.5,18.5,21.0,20.8,16.9,11.4,7.0,3.0,10.9
43.450,11.883,4.6,5.8,8.6,11.8,15.9,19.7,22.8,22.6,19.2,14.2,9.3,5.7,13.4
43.283,11.983,6.3,6.8,9.3,12.8,17.5,21.3,24.7,24.6,21.6,16.1,10.6,8.0,15.0
43.250,11.817,5.8,7.0,9.3,12.3,16.4,20.1,23.0,22.7,19.4,14.7,9.9,6.0,13.9
43.517,11.567,4.5,6.1,9.4,12.9,16.8,20.9,23.9,23.3,20.0,14.6,9.3,5.6,13.9
43.567,12.100,4.0,5.1,8.2,12.1,16.0,19.7,22.1,21.7,18.7,13.9,9.3,5.5,13.0
43.800,11.700,4.0,4.7,7.2,10.9,14.7,18.7,21.4,21.5,18.5,14.0,8.9,5.6,12.5
43.950,11.383,4.3,5.4,8.1,12.4,16.2,20.2,22.7,22.6,19.3,14.4,9.4,5.6,13.4
43.717,10.950,6.1,7.4,10.0,13.6,17.4,21.3,23.9,23.7,20.7,16.2,11.1,7.4,14.9
43.800,11.200,5.8,7.2,9.9,13.1,17.4,21.1,24.1,23.9,20.4,15.4,10.0,6.5,14.6
43.783,11.250,6.2,7.3,10.0,13.4,17.1,21.0,24.0,23.6,20.3,15.4,10.6,6.7,14.6
44.117,11.383,1.4,2.9,5.9,10.2,13.8,17.5,19.9,19.8,16.4,12.1,7.3,3.5,10.9
43.717,11.550,1.3,2.2,4.7,8.2,12.2,15.9,18.7,18.3,15.6,10.8,6.1,3.1,9.8
42.900,11.533,4.6,5.2,7.4,10.7,14.8,18.8,21.4,21.6,18.5,13.9,9.3,6.3,12.7
42.750,11.100,7.3,8.0,9.9,12.3,16.3,20.2,23.4,23.6,20.7,16.4,11.6,8.4,14.8
42.650,11.100,7.1,8.1,9.5,12.0,16.0,19.8,22.6,22.7,20.1,15.9,11.5,7.7,14.4
42.583,11.517,4.7,5.3,7.7,10.7,15.1,19.1,22.0,21.9,19.1,14.8,9.6,6.7,13.1
43.050,10.883,4.7,5.4,8.0,11.7,15.7,19.6,22.7,22.4,19.8,15.1,10.3,6.4,13.5
42.383,11.167,5.6,5.9,7.6,10.2,14.5,18.1,22.0,22.3,18.8,14.5,9.8,6.7,13.0
42.433,11.200,8.3,9.0,11.0,13.9,17.5,21.3,24.1,24.1,21.7,17.6,13.4,10.1,16.0
42.633,11.667,6.3,7.9,9.1,12.0,15.9,19.9,22.8,23.1,20.0,15.7,11.1,7.2,14.3
42.700,11.767,4.5,4.6,7.2,10.1,13.7,18.1,21.1,21.1,17.7,13.1,8.8,5.7,12.1
43.267,10.617,7.1,7.8,10.2,13.7,17.5,21.5,24.4,24.5,21.4,16.5,11.9,8.5,15.4
42.583,10.100,10.9,10.8,11.7,14.0,17.5,21.2,24.2,24.3,22.0,18.5,14.8,12.1,16.8
43.583,10.433,6.4,7.6,10.1,13.6,17.4,21.2,24.2,23.7,21.1,16.5,11.3,7.9,15.1
43.550,10.300,7.8,8.7,10.9,13.7,17.3,21.1,23.8,23.7,21.1,16.7,12.2,8.9,15.5
42.800,10.167,8.0,8.5,10.4,13.9,18.0,21.8,24.8,24.2,21.5,16.7,12.4,9.5,15.8
42.817,10.333,9.3,10.0,11.8,14.3,17.6,21.8,24.6,24.3,21.6,17.9,14.1,10.8,16.5
43.083,10.667,8.7,9.4,11.5,14.4,18.0,21.9,24.8,24.9,22.3,17.9,13.4,10.4,16.5
44.117,10.417,4.1,5.3,8.2,11.7,15.5,19.2,21.7,21.3,18.5,14.1,9.2,5.3,12.8
43.850,10.483,6.5,7.8,9.9,13.4,17.5,21.0,23.8,23.3,20.1,15.2,11.0,6.9,14.7
43.983,10.350,1.6,3.1,5.1,7.8,11.9,15.2,18.0,17.6,14.5,10.3,5.9,2.8,9.5
44.000,10.267,6.6,7.1,9.1,12.3,16.3,19.7,22.5,22.2,19.7,15.7,11.2,8.2,14.2
43.867,10.250,7.7,8.3,10.3,13.4,16.9,20.3,22.9,22.5,20.4,16.6,12.4,9.3,15.1
44.317,10.000,4.3,5.8,8.1,11.5,15.5,19.2,21.8,21.7,18.5,14.1,8.9,5.4,12.9
44.267,10.117,4.2,5.0,7.6,11.4,15.4,18.9,21.4,20.8,17.6,13.2,8.7,5.6,12.5
44.033,10.133,7.2,8.0,10.3,13.5,17.2,20.6,23.2,23.0,20.4,16.5,11.8,8.6,15.0
44.367,9.883,5.1,6.2,9.0,12.9,16.2,19.2,21.7,21.1,18.3,14.3,9.5,6.0,13.3
43.517,10.617,5.9,6.6,9.4,13.1,17.1,20.7,23.3,23.3,20.3,15.7,10.8,7.7,14.5
43.717,10.400,7.1,8.1,10.2,13.3,16.9,20.7,23.3,23.2,20.3,15.9,11.2,7.8,14.8
43.683,10.383,6.7,7.6,9.9,12.7,16.4,20.0,22.9,22.9,20.2,15.8,11.0,7.6,14.5
43.233,10.883,6.1,6.8,8.8,11.8,15.9,19.6,22.6,22.7,19.3,14.6,10.1,6.6,13.7
43.667,10.633,5.4,6.5,9.5,13.5,17.6,21.6,24.3,23.8,20.2,15.2,10.3,6.8,14.6
43.683,10.867,6.5,7.8,10.8,14.4,18.1,21.6,24.4,24.2,21.1,16.3,11.4,8.2,15.4
43.400,10.883,5.4,5.7,7.8,10.2,14.7,18.2,21.9,21.9,18.4,14.2,9.2,6.2,12.8
43.883,11.100,5.7,7.1,10.1,14.1,18.2,21.9,24.3,24.3,21.4,16.3,10.8,7.0,15.1
44.100,10.733,3.5,4.6,7.0,10.4,13.6,17.6,19.9,19.8,17.0,12.4,7.9,4.5,11.5
43.833,10.833,6.1,7.5,10.1,13.6,17.5,21.2,23.6,23.2,20.5,16.1,11.0,7.3,14.8
43.883,10.767,6.3,7.6,10.2,13.8,17.8,21.7,24.3,23.7,20.3,15.6,10.6,7.0,14.9
43.900,10.683,9.5,9.6,11.2,14.2,18.0,21.9,24.2,24.4,21.9,17.9,14.1,10.3,16.4
43.933,10.883,5.8,7.0,9.8,12.9,16.8,20.5,23.7,23.2,20.0,15.3,10.0,6.3,14.3
44.050,10.783,3.9,4.6,7.0,10.7,14.5,17.9,20.6,20.5,17.7,13.1,8.5,5.5,12.0
44.067,10.850,1.3,1.8,4.1,7.6,11.7,15.1,17.7,17.8,14.9,10.3,5.6,2.8,9.2
42.883,11.667,1.8,2.5,5.2,8.3,12.5,16.1,18.6,18.8,15.9,11.3,6.9,3.8,10.1
43.083,11.783,4.4,5.3,8.3,12.2,16.6,20.6,23.6,23.5,20.0,14.5,9.4,6.2,13.7
42.850,11.683,2.7,3.9,6.4,9.6,13.9,17.7,20.8,21.0,17.2,12.6,7.8,4.5,11.5
43.083,11.683,4.8,5.2,7.7,11.5,15.8,19.4,22.8,22.8,19.5,14.4,9.8,6.7,13.4
43.467,11.150,5.4,6.3,9.0,12.6,16.2,20.2,23.1,22.8,20.0,14.5,10.1,6.6,13.9
42.900,11.767,3.3,3.6,5.9,8.5,13.1,16.9,20.7,20.7,17.0,12.4,7.5,4.5,11.2
43.433,11.033,6.3,7.4,9.7,12.7,16.8,20.4,23.6,23.6,20.4,16.1,10.8,7.0,14.6
43.317,11.333,5.0,5.7,8.1,11.7,15.5,19.4,22.2,22.0,18.7,14.0,9.5,6.3,13.2
43.067,12.583,5.0,6.6,8.6,12.3,16.4,20.4,23.5,23.1,19.9,14.8,9.9,6.5,13.9
43.467,12.233,4.9,6.4,7.7,10.8,15.0,18.6,22.2,21.2,17.7,12.8,8.6,5.3,12.6
42.950,12.717,5.3,7.1,9.2,12.6,17.0,20.9,23.5,23.7,19.8,14.8,10.3,6.8,14.3
43.233,12.783,4.6,5.5,7.9,11.6,15.7,19.6,22.3,22.3,19.1,14.4,9.7,6.4,13.3
43.350,12.583,4.4,5.6,8.1,12.1,16.1,19.9,22.6,22.7,19.7,14.5,9.6,6.1,13.5
43.150,12.167,4.8,5.6,8.5,12.8,16.9,21.2,24.1,24.1,20.4,15.4,10.3,6.3,14.2
42.800,13.100,1.4,3.4,6.7,10.7,14.6,18.8,21.1,20.9,17.6,12.6,7.2,3.1,11.5
43.100,12.383,4.2,5.2,7.9,11.4,15.7,19.8,22.8,22.7,19.1,14.0,9.1,5.5,13.1
43.400,12.667,2.8,3.8,6.6,9.9,13.3,17.4,19.8,19.7,17.0,12.1,7.7,5.1,11.3
42.733,12.667,3.1,4.8,7.5,11.1,15.2,19.2,22.0,22.3,18.8,13.7,8.9,4.5,12.6
42.783,12.383,4.6,6.3,8.7,11.8,16.1,20.0,22.8,22.5,19.2,14.2,9.2,5.1,13.4
43.300,12.317,4.0,6.2,8.9,11.7,15.9,20.0,22.2,21.9,17.1,13.9,9.7,5.5,13.1
42.550,12.417,4.9,6.3,8.5,11.6,15.8,19.6,22.1,22.1,18.8,13.5,9.1,5.7,13.2
42.717,12.150,5.0,6.3,9.4,13.0,17.1,21.3,24.0,24.3,20.7,15.5,10.4,6.8,14.5
42.567,12.650,6.3,8.0,10.8,13.9,18.2,22.3,25.5,25.3,21.7,16.3,10.9,7.2,15.5
43.617,13.517,5.9,7.1,9.4,12.9,17.0,20.9,23.7,23.5,20.5,16.0,11.6,7.4,14.7
43.333,12.900,2.8,3.6,5.7,9.0,13.6,17.4,20.1,19.9,16.4,11.8,7.6,3.7,11.0
43.633,13.367,4.7,5.8,8.5,11.8,16.1,19.8,22.4,22.5,19.4,14.8,10.0,6.1,13.5
43.517,13.250,4.5,6.1,9.1,12.9,17.1,21.3,23.8,23.8,20.5,15.4,10.4,6.6,14.3
43.483,13.467,5.5,7.1,9.1,11.7,16.0,20.0,22.5,22.5,19.4,14.9,10.1,6.2,13.8
42.850,13.567,6.1,7.4,10.2,13.6,17.6,21.7,24.3,24.3,21.0,16.2,11.6,8.2,15.2
43.150,13.717,5.2,5.9,8.2,12.2,16.3,20.5,23.4,23.5,20.2,14.6,9.8,7.1,13.9
42.883,13.317,2.0,2.9,5.3,9.1,13.5,17.7,20.5,20.6,17.2,11.7,7.1,4.1,11.0
43.067,13.483,4.7,5.6,8.2,11.5,15.3,19.3,21.6,21.6,18.6,13.8,9.5,6.4,13.0
43.133,13.067,3.2,4.2,6.8,10.6,15.0,19.3,21.8,21.8,18.0,12.8,8.3,5.3,12.3
43.367,13.200,3.5,4.5,7.0,10.6,15.1,19.2,21.7,21.9,18.6,13.3,8.9,5.8,12.5
43.133,12.867,3.5,4.0,6.4,10.2,14.2,18.3,20.5,20.2,17.2,12.7,8.3,4.4,11.7
43.300,13.450,5.0,6.2,8.9,12.4,16.9,20.9,23.8,23.3,20.1,15.2,10.2,6.4,14.1
43.833,13.017,3.9,5.3,8.0,11.7,15.7,19.9,22.3,22.1,18.9,14.6,9.9,5.9,13.2
43.517,12.717,4.1,4.8,7.4,10.5,15.2,19.1,22.2,22.0,18.3,13.2,8.4,5.3,12.5
43.650,12.333,2.8,3.9,6.7,10.6,14.5,18.5,21.0,21.0,17.8,12.9,8.2,4.7,11.9
43.683,13.033,4.2,5.5,8.4,11.9,15.8,19.7,22.5,22.0,18.9,13.9,9.1,5.3,13.1
43.883,12.283,2.9,4.9,8.2,12.2,16.0,20.1,22.5,22.8,19.0,14.3,9.3,4.8,13.1
43.550,12.833,4.0,5.4,8.3,12.2,16.2,20.4,23.1,23.3,19.8,14.7,9.9,6.1,13.6
43.883,12.883,3.8,5.3,8.5,12.2,16.3,20.3,22.8,22.5,19.3,14.6,9.7,5.5,13.4
43.717,12.850,4.4,5.7,8.5,12.1,16.4,20.6,22.9,23.4,20.0,15.0,9.9,6.2,13.8
43.733,12.633,3.5,4.3,7.2,10.5,14.9,19.3,22.0,21.3,17.8,12.6,8.0,4.7,12.2
41.733,13.350,5.6,6.6,9.0,12.2,16.1,19.8,23.0,23.2,19.9,14.9,10.4,7.3,14.0
41.617,13.800,6.1,6.8,7.6,11.9,15.7,20.3,23.2,23.3,20.0,15.0,10.0,7.3,13.9
41.783,13.217,4.5,5.2,7.7,11.1,14.6,18.5,21.2,21.6,18.3,13.7,9.1,5.7,12.6
41.633,13.300,5.6,6.9,9.4,12.0,16.2,20.0,23.2,23.5,20.1,15.3,10.2,6.7,14.1
41.733,13.283,6.2,7.5,9.5,12.4,16.5,20.6,24.6,24.3,18.9,14.6,10.1,6.3,14.3
41.550,13.867,7.3,8.3,11.6,14.2,18.3,22.7,25.2,25.1,22.1,17.6,12.8,9.4,16.2
41.217,13.567,9.8,10.3,12.2,14.7,18.6,22.1,24.7,24.8,22.6,18.6,14.4,11.3,17.0
41.550,12.900,8.3,8.9,10.6,12.9,17.0,20.5,23.5,24.1,21.3,17.3,12.9,9.5,15.6
41.467,12.900,8.7,9.2,11.2,13.9,17.6,21.6,24.2,24.2,21.7,17.6,13.3,10.2,16.1
40.917,12.950,10.1,9.9,11.1,13.2,17.1,21.0,24.0,24.4,21.8,18.0,14.1,11.4,16.3
41.250,13.117,9.2,9.4,10.9,13.3,16.7,20.6,23.1,23.3,20.8,17.3,13.9,10.7,15.8
41.283,13.250,10.0,10.7,12.2,15.2,18.7,22.9,25.0,25.4,22.9,19.4,15.2,11.8,17.5
42.617,13.283,0.8,1.9,4.7,8.3,12.3,16.3,18.8,19.4,16.2,11.2,6.8,3.0,10.0
42.567,12.967,1.7,2.7,5.5,8.7,12.6,16.7,19.1,19.4,16.4,11.7,7.3,3.8,10.5
42.267,12.683,4.4,5.6,8.5,11.6,15.0,19.2,22.3,22.3,19.4,14.4,9.4,5.7,13.2
42.517,13.100,2.5,3.5,5.9,9.1,13.7,17.1,19.8,19.6,16.4,12.2,7.6,4.0,11.0
42.400,12.867,3.8,4.9,7.5,10.8,14.7,18.5,21.2,21.3,18.2,13.4,8.8,5.2,12.4
42.250,12.933,4.0,4.7,7.3,10.9,15.1,19.2,22.3,22.5,18.8,13.9,9.6,5.8,12.8
41.600,12.550,8.0,9.3,11.0,13.8,16.8,20.8,23.4,23.3,21.0,17.8,13.1,9.8,15.7
42.083,12.217,7.0,7.7,9.6,11.9,16.2,20.2,23.6,23.8,20.6,15.9,11.2,8.0,14.6
41.600,13.083,5.7,6.0,8.6,11.6,15.5,19.8,22.5,22.7,19.3,14.2,9.8,7.3,13.6
41.783,12.583,7.4,8.3,10.4,13.0,17.1,21.1,24.1,24.2,21.1,16.5,11.8,8.5,15.3
42.083,11.783,9.7,9.9,11.4,13.8,17.6,21.3,24.2,24.4,22.1,18.1,13.8,10.8,16.4
41.833,12.750,7.5,8.9,10.6,12.7,17.0,20.6,23.1,23.4,20.3,15.8,11.3,7.8,14.9
41.800,12.233,8.3,9.0,10.7,13.1,16.9,20.6,23.4,23.7,21.0,17.0,12.7,9.5,15.5
41.783,12.667,7.3,8.1,10.1,12.9,16.9,20.6,23.4,23.3,20.0,15.6,11.6,8.3,14.8
41.983,12.733,7.1,8.3,10.4,12.9,17.1,20.9,24.1,24.2,21.0,16.4,11.6,8.2,15.2
42.050,12.617,3.6,5.7,8.8,12.6,16.8,20.7,23.9,23.4,19.8,15.0,10.5,6.2,13.9
41.650,12.433,8.3,8.8,10.3,12.4,16.0,19.8,22.6,22.9,20.6,17.0,12.7,9.5,15.1
41.667,12.500,8.5,9.1,10.6,12.9,17.0,20.6,22.8,23.0,20.4,16.5,12.5,9.3,15.3
41.750,12.683,3.8,4.4,6.7,10.0,13.3,18.0,20.6,20.6,17.6,14.1,8.8,5.5,12.0
41.950,12.500,7.2,8.4,10.5,13.0,17.2,21.1,23.9,24.1,21.0,16.5,11.5,8.1,15.2
41.917,12.450,7.5,8.4,10.1,13.4,17.3,21.2,24.0,23.9,20.6,16.0,11.8,8.3,15.2
41.900,12.483,7.5,8.6,11.1,14.0,18.1,22.1,24.9,24.6,21.6,16.8,12.1,8.7,15.8
42.033,11.833,10.0,10.3,11.6,13.7,17.2,20.6,23.5,24.0,21.7,18.3,14.1,11.0,16.3
41.700,13.017,4.5,4.7,7.2,10.5,14.4,18.6,22.0,22.4,18.5,13.6,9.2,5.8,12.6
41.917,13.117,4.7,5.5,8.0,11.2,14.9,18.9,21.3,21.4,18.2,13.7,9.6,6.3,12.8
41.967,12.767,7.0,8.0,11.2,14.5,18.9,22.9,25.6,25.6,21.8,16.7,12.1,8.6,16.1
41.683,12.783,7.2,7.6,9.8,13.1,17.2,21.6,24.7,24.6,21.0,16.3,11.7,8.7,15.3
42.650,11.983,6.0,6.4,8.5,11.8,15.5,19.6,22.4,22.9,19.8,15.5,10.6,7.0,13.8
42.467,12.383,5.5,7.0,9.4,13.2,17.3,21.6,24.2,24.4,20.8,15.7,10.8,6.7,14.7
42.417,11.867,7.0,7.5,9.8,12.9,16.4,20.8,24.1,24.2,21.0,16.4,11.6,8.5,15.0
42.433,12.050,5.2,6.5,8.4,10.7,14.9,18.7,22.1,22.4,19.2,14.5,9.5,6.2,13.2
42.033,13.433,2.0,3.3,6.3,9.8,14.1,17.6,20.3,20.5,17.2,12.7,8.4,3.7,11.3
42.317,13.583,2.3,3.3,6.1,9.8,13.8,17.7,20.6,21.1,17.2,12.1,7.2,4.1,11.3
42.550,13.367,-0.9,-0.2,2.4,5.7,10.0,14.0,16.5,16.8,13.9,8.9,4.9,1.6,7.8
42.100,13.083,3.1,3.9,6.9,9.8,13.5,17.2,19.7,19.9,17.1,12.2,8.5,4.9,11.4
42.367,13.717,0.9,1.2,3.8,7.6,11.4,15.4,17.7,17.8,14.5,9.7,5.6,2.3,9.0
41.783,14.100,2.5,3.7,6.4,9.4,12.9,16.5,18.6,18.4,16.0,11.5,7.8,4.7,10.7
42.083,13.783,2.7,4.2,7.7,11.5,16.0,19.9,22.6,22.8,19.3,13.9,8.8,5.3,12.9
42.350,13.400,2.1,3.6,6.8,10.4,14.4,18.5,21.3,21.3,17.7,12.7,7.6,3.5,11.7
41.800,13.783,-1.0,0.2,3.1,6.6,10.6,14.2,16.4,16.5,13.8,9.4,5.4,1.9,8.1
41.883,14.067,-0.1,0.8,3.4,6.8,10.8,14.7,17.4,17.6,14.3,9.4,5.2,1.9,8.5
42.200,13.517,-1.4,-0.4,2.8,6.3,10.2,14.0,16.4,16.3,13.3,8.8,4.6,1.1,7.7
41.833,14.067,-0.2,0.6,3.9,7.1,10.7,14.2,17.0,17.4,13.7,9.8,6.0,1.5,8.5
41.900,13.883,0.7,1.6,4.5,8.4,13.2,17.1,19.5,19.6,15.6,10.1,5.9,2.5,9.9
42.367,13.250,-0.9,0.0,2.8,6.3,10.1,14.6,17.4,17.3,13.9,8.9,4.2,0.8,8.0
42.050,13.917,3.9,5.5,8.7,12.6,16.8,21.1,23.5,23.6,19.8,14.1,9.6,5.7,13.7
42.350,14.167,6.4,7.2,10.0,13.8,18.1,21.9,24.5,24.4,21.1,16.5,11.7,8.6,15.4
42.200,14.217,4.8,5.7,8.4,12.1,16.4,21.1,23.5,23.7,20.0,14.9,10.0,6.9,14.0
42.233,14.383,6.2,7.2,9.6,13.1,17.6,21.6,24.2,24.2,20.9,16.0,11.5,8.3,15.0
41.950,14.433,3.0,4.3,6.6,10.4,15.0,19.4,22.5,22.5,18.6,13.1,8.4,5.2,12.4
41.983,14.133,4.1,5.0,7.4,10.7,14.7,18.7,21.4,21.7,18.3,13.2,9.0,5.9,12.5
41.933,14.583,3.6,4.4,6.8,10.9,14.9,19.2,22.0,22.3,18.8,13.4,8.8,5.9,12.6
42.117,14.567,6.1,7.1,9.5,13.1,17.2,21.3,23.9,24.0,20.8,15.9,11.5,8.2,14.9
42.167,14.700,7.7,8.0,10.7,13.6,17.7,21.6,24.2,24.6,21.7,17.5,13.2,10.0,15.9
42.117,14.700,7.1,8.0,10.2,13.8,17.9,22.1,24.7,24.9,21.8,16.9,12.5,9.5,15.8
42.300,13.967,6.0,7.3,9.6,12.8,17.5,21.9,24.0,24.2,20.7,15.5,11.5,8.3,14.9
42.200,13.850,4.4,5.6,9.4,13.2,16.8,22.0,24.8,24.0,20.3,15.4,10.4,5.0,14.3
42.467,13.917,5.6,6.8,9.3,13.4,17.5,21.6,24.4,24.7,21.0,16.0,10.9,7.8,14.9
42.433,14.200,6.1,7.0,9.1,12.2,16.5,20.3,23.0,22.9,20.0,15.5,11.0,7.6,14.3
42.467,14.217,6.5,7.4,9.3,12.5,16.6,20.8,23.5,23.4,20.4,16.2,12.0,8.7,14.8
42.167,13.833,4.5,5.8,9.3,12.8,16.6,20.8,23.2,22.9,19.6,14.5,10.0,6.3,13.9
42.500,13.667,4.7,5.8,8.2,11.9,15.9,19.7,22.3,22.5,18.9,13.4,9.2,6.1,13.2
42.817,13.817,6.6,7.5,10.3,13.9,18.1,22.1,24.9,24.9,21.6,16.8,11.8,8.7,15.6
42.517,13.550,1.8,2.7,4.9,8.0,12.1,16.1,18.9,19.1,15.5,10.4,6.6,3.7,10.0
42.650,13.733,5.5,6.4,8.6,12.2,16.3,20.0,22.4,22.7,19.2,14.4,10.8,6.4,13.7
41.567,14.650,3.9,4.4,6.7,9.8,14.5,18.3,21.5,21.7,18.2,13.4,8.6,5.2,12.2
41.633,14.767,3.6,4.5,7.2,10.6,14.8,19.1,22.0,22.5,18.8,13.7,9.1,5.9,12.7
41.517,14.917,4.8,5.8,8.2,12.0,16.2,20.5,23.4,23.7,20.0,14.6,10.3,7.0,13.9
41.433,14.533,3.6,4.3,6.9,10.9,15.1,18.7,21.8,22.1,18.5,13.5,8.9,5.7,12.5
41.800,14.917,6.0,6.9,9.3,13.1,17.5,21.7,24.3,24.6,20.8,15.7,11.3,8.2,15.0
41.883,14.783,5.4,6.1,8.6,12.0,15.9,20.2,22.8,23.2,20.1,15.1,10.3,7.3,13.9
41.617,14.867,3.6,5.0,7.4,11.1,15.0,19.6,22.3,22.9,18.9,13.7,9.4,5.9,12.9
42.000,15.000,8.2,8.6,10.5,13.4,17.5,21.3,24.2,24.4,21.7,17.6,13.1,9.9,15.9
41.783,14.550,4.8,5.3,8.0,11.6,15.7,19.8,22.7,22.8,19.5,14.1,9.8,6.6,13.4
41.800,14.367,3.5,4.3,6.6,10.5,14.9,18.9,21.7,22.0,18.5,13.4,8.7,5.6,12.4
41.833,14.267,0.5,1.1,3.6,7.3,11.2,15.8,19.0,19.2,15.6,10.4,5.8,2.0,9.3
41.683,14.383,3.1,3.9,6.2,9.9,13.7,18.0,20.7,21.1,17.7,12.8,8.6,5.3,11.8
41.600,14.217,5.9,6.5,9.0,12.1,16.2,20.2,23.1,23.5,20.1,14.3,9.9,8.0,14.1
41.500,14.350,3.6,4.6,6.8,10.5,14.4,18.4,21.2,21.8,18.5,13.7,9.1,5.9,12.4
41.450,14.050,7.3,7.7,10.3,13.9,17.7,21.8,24.8,24.9,21.5,16.8,11.6,9.0,15.6
40.933,15.317,3.2,4.3,6.4,10.8,14.3,18.4,20.9,21.9,18.6,14.3,10.1,5.9,12.4
41.150,15.083,3.8,4.4,6.7,10.3,14.2,18.6,21.5,21.6,18.5,13.5,8.8,5.7,12.3
40.917,14.800,6.2,6.7,9.0,12.0,15.8,19.8,22.5,22.5,19.3,15.0,10.4,7.6,13.9
41.050,15.417,4.8,5.2,7.2,11.0,14.9,19.1,22.1,22.6,18.9,14.1,9.8,6.6,13.0
41.200,15.033,5.3,5.7,7.7,11.6,15.4,19.3,22.7,23.2,20.0,14.6,10.0,7.0,13.5
40.883,15.083,2.2,2.7,5.6,9.3,13.4,18.2,21.0,21.4,17.9,12.6,8.0,4.5,11.4
40.933,15.167,4.6,5.4,7.2,10.4,14.6,18.2,20.8,21.5,18.4,13.7,9.6,6.4,12.6
41.050,15.233,1.3,1.6,3.7,6.6,11.3,15.3,18.5,18.7,15.4,10.5,5.9,2.6,9.3
41.117,14.933,7.2,7.8,9.7,13.6,17.4,21.3,24.2,24.6,21.2,16.2,11.7,9.0,15.3
41.133,14.767,7.6,8.5,10.7,14.2,18.0,22.1,24.7,24.7,21.7,16.8,12.3,9.4,15.9
41.367,14.733,3.9,4.8,6.8,10.4,14.5,18.5,21.5,21.8,18.6,13.8,9.0,5.5,12.4
41.083,14.517,7.6,8.3,10.8,14.3,18.2,22.7,25.0,25.1,22.0,17.1,12.8,9.7,16.1
41.067,14.333,9.6,10.2,12.5,15.7,19.5,23.8,26.3,26.3,23.4,18.8,14.6,11.5,17.7
41.033,13.933,8.0,8.8,10.7,12.5,16.5,20.0,22.5,22.8,20.7,16.6,11.8,9.0,15.0
41.050,14.067,8.0,8.7,10.5,12.7,16.9,20.5,23.2,23.8,21.1,17.0,12.4,9.1,15.3
41.233,13.933,7.7,8.6,10.6,13.8,17.9,22.1,24.4,24.4,21.4,17.2,13.0,9.4,15.9
41.250,14.067,7.4,8.0,10.2,13.4,17.2,21.5,24.0,23.8,21.0,16.7,12.2,9.5,15.4
40.550,14.200,10.5,10.6,11.9,14.4,18.5,22.2,25.1,25.7,23.1,18.9,14.8,11.6,17.3
40.750,13.883,8.8,9.1,11.2,14.0,17.5,21.4,24.2,23.9,21.4,17.5,13.3,10.3,16.1
40.700,14.483,9.3,10.1,12.5,16.2,19.7,24.0,26.2,26.2,23.4,18.9,14.4,11.5,17.7
40.817,14.400,6.1,6.2,7.8,11.0,14.8,18.6,21.4,21.5,18.6,14.6,10.7,7.6,13.2
40.850,14.300,8.4,9.0,10.9,13.6,17.4,21.2,23.8,24.0,21.2,17.1,12.8,9.7,15.8
40.867,14.250,8.8,9.4,11.3,14.2,18.3,21.8,24.6,24.6,21.9,17.8,13.4,10.2,16.4
40.850,14.250,10.3,10.7,12.4,15.8,19.9,23.0,26.1,26.1,23.3,19.4,15.4,11.3,17.8
40.633,14.417,9.5,9.6,11.4,14.3,17.8,21.9,24.1,24.4,21.8,17.8,14.1,10.3,16.4
40.633,14.600,10.7,11.7,13.5,16.5,20.7,24.2,26.5,26.8,22.9,18.9,14.5,10.9,18.2
40.600,14.983,9.0,9.6,11.3,13.5,17.3,20.9,23.3,23.6,21.4,17.7,13.4,10.1,15.9
40.417,15.083,6.8,7.0,9.1,12.3,15.8,19.9,23.9,24.4,21.0,16.9,12.5,9.0,14.9
40.183,15.067,8.7,9.2,11.5,14.6,18.4,22.3,25.2,25.7,22.3,18.2,13.6,10.6,16.7
40.017,15.283,10.2,10.2,11.7,13.9,17.7,21.4,24.3,24.8,22.3,18.6,14.6,11.7,16.8
40.650,15.233,6.9,7.5,10.1,13.3,17.3,21.5,24.5,24.4,21.1,16.5,11.0,9.6,15.3
40.133,15.550,7.9,8.5,11.0,14.0,17.9,21.8,24.7,25.1,22.0,17.6,12.8,9.7,16.1
40.750,14.633,9.4,9.6,11.7,13.5,18.5,22.8,25.3,25.5,22.8,16.9,13.1,10.6,16.6
40.650,14.617,7.3,7.8,10.0,13.2,16.8,20.9,23.3,23.4,20.4,16.2,11.7,9.2,15.0
40.383,15.600,6.3,6.8,9.3,12.8,16.8,20.6,23.6,24.1,20.6,15.9,11.3,8.2,14.7
40.683,14.767,10.4,11.0,13.2,16.2,19.9,23.8,26.4,26.4,23.7,20.0,15.2,12.3,18.2
40.750,14.517,9.2,9.6,11.8,14.6,18.1,22.0,24.2,24.2,21.7,18.2,14.0,11.0,16.6
40.833,16.550,5.6,6.4,8.8,12.1,16.5,21.5,24.1,24.5,20.5,15.4,10.7,7.5,14.5
41.217,16.300,7.5,8.3,10.4,13.7,17.5,21.7,24.2,24.5,21.2,16.8,12.7,9.6,15.7
41.133,16.783,8.6,9.0,10.7,13.5,17.6,21.5,24.0,24.1,21.2,17.1,13.1,10.1,15.9
41.133,16.883,8.7,9.2,10.9,13.8,17.7,21.8,24.2,24.3,21.4,17.4,13.7,10.5,16.1
41.317,16.283,7.8,8.2,10.8,14.1,18.1,22.2,24.9,24.8,21.3,17.3,12.8,9.8,16.0
41.217,16.067,7.8,8.6,11.0,14.5,18.1,22.8,26.0,26.7,22.5,17.6,13.1,9.5,16.5
40.883,16.767,6.1,6.7,9.1,12.7,17.2,21.9,24.6,24.9,20.4,15.5,11.2,8.0,14.9
40.883,17.167,6.4,7.3,9.3,12.5,16.8,20.6,23.2,23.5,19.8,15.9,12.4,8.5,14.7
40.767,16.933,5.9,6.3,8.4,11.2,15.8,19.9,22.8,22.8,19.4,14.9,10.4,7.2,13.8
40.817,16.417,5.5,6.2,8.7,12.4,16.7,21.5,24.4,24.8,20.8,15.5,10.9,7.5,14.6
40.750,17.333,6.8,7.4,9.2,12.3,16.4,20.9,23.3,23.6,20.2,15.7,11.9,8.9,14.7
41.000,17.217,9.2,9.6,11.6,14.5,18.4,22.5,24.9,25.2,22.2,18.1,14.4,11.2,16.8
41.117,16.483,6.5,7.3,9.6,13.0,17.2,21.7,24.1,24.5,21.0,16.1,11.8,8.5,15.1
40.967,16.083,6.0,7.1,9.6,13.1,17.9,23.0,25.7,25.2,20.9,15.3,11.2,7.9,15.2
40.917,17.017,6.2,7.0,9.1,12.8,17.1,21.7,24.1,24.5,20.8,15.5,11.5,8.4,14.9
40.650,17.950,9.6,9.9,11.5,14.1,17.9,21.9,24.5,24.8,22.1,18.2,14.1,11.0,16.6
40.550,17.717,7.8,8.7,10.8,14.0,18.4,23.1,25.9,25.7,22.0,17.4,12.6,9.9,16.4
40.733,17.583,7.6,8.4,10.6,13.8,17.7,22.0,24.4,24.7,21.4,17.4,13.5,9.8,15.9
40.483,18.000,9.1,9.5,11.4,14.7,18.6,23.3,25.9,26.0,22.7,18.5,14.2,10.8,17.1
41.200,15.567,6.0,6.8,9.4,12.7,17.3,22.4,24.9,25.0,21.0,15.5,11.1,7.9,15.0
41.817,15.783,7.5,8.1,10.1,13.7,17.7,21.9,24.3,24.7,21.3,16.5,12.7,9.5,15.7
41.267,15.900,6.7,7.6,10.2,13.8,18.3,23.1,26.0,26.1,22.2,16.8,12.0,8.7,16.0
41.300,15.167,1.8,2.7,4.5,8.2,12.6,16.3,18.9,19.7,16.0,11.8,7.6,3.7,10.3
41.467,15.533,7.5,8.4,10.8,14.0,18.7,23.1,26.0,25.8,22.4,17.3,12.5,8.8,16.3
42.117,15.517,9.7,10.3,12.5,15.4,19.1,23.2,25.9,26.4,23.2,19.4,15.3,11.8,17.7
41.867,15.350,7.4,7.9,10.1,13.8,17.7,22.2,25.2,25.0,21.7,17.1,12.4,9.4,15.8
41.517,15.333,6.5,7.5,10.0,13.7,18.1,22.9,25.5,25.8,21.8,16.3,11.8,8.7,15.7
41.583,15.883,7.3,7.5,9.9,12.9,17.1,21.1,23.5,23.6,20.4,16.2,12.2,9.2,15.1
41.700,15.950,3.7,3.9,5.9,8.9,13.7,17.8,20.4,21.0,17.5,12.8,8.2,5.2,11.6
41.167,15.250,3.3,3.6,5.6,8.9,12.9,17.0,19.7,20.2,16.6,12.1,8.1,5.1,11.1
41.550,15.117,6.0,7.0,8.9,12.2,16.6,21.3,23.4,24.0,20.2,15.4,11.5,8.4,14.6
41.367,15.100,4.7,5.4,8.0,11.8,15.8,20.3,23.1,23.3,19.4,14.1,9.8,6.5,13.5
41.700,15.733,4.8,5.4,7.8,11.4,15.9,20.5,23.4,23.7,20.0,14.9,10.2,7.1,13.8
41.533,15.717,7.2,7.8,9.9,12.8,17.6,21.8,24.7,24.9,21.5,16.8,11.9,8.5,15.5
41.683,15.383,6.9,7.7,10.3,13.7,17.8,22.4,25.2,25.7,21.8,16.7,11.9,8.8,15.7
41.800,15.150,6.1,7.1,9.6,13.4,17.9,22.6,25.2,25.3,21.5,16.1,11.5,8.3,15.4
41.883,16.183,8.1,8.4,11.4,15.2,18.6,22.9,26.1,26.5,22.4,17.1,13.3,10.1,16.7
39.883,18.333,6.7,7.5,10.0,12.7,17.2,21.4,24.1,23.5,19.6,15.1,11.0,7.6,14.7
39.817,18.350,9.9,10.0,11.5,14.0,18.0,22.0,24.9,25.3,22.4,18.4,14.4,11.4,16.9
40.233,18.133,8.7,9.2,11.0,13.8,18.2,22.5,25.0,25.3,22.1,17.7,13.3,10.1,16.4
40.050,17.983,10.5,10.7,12.3,15.1,18.7,23.1,25.9,26.3,23.6,19.6,15.8,12.7,17.9
40.350,18.167,9.2,9.6,11.4,14.8,18.9,23.4,25.7,25.9,22.5,18.5,14.4,11.2,17.1
40.117,18.300,8.4,9.1,10.8,14.2,18.1,23.1,25.2,25.8,22.1,17.7,13.8,10.7,16.6
40.083,18.417,8.8,9.2,10.9,13.5,17.3,22.1,24.6,24.9,22.0,17.6,13.9,10.8,16.3
40.183,18.033,8.4,9.1,11.4,14.4,18.1,23.3,26.5,26.2,22.2,17.9,13.8,10.2,16.8
40.017,18.400,8.5,8.6,10.4,13.5,17.6,22.1,24.8,24.9,21.4,17.6,13.5,10.5,16.1
40.100,18.517,9.6,9.9,11.0,13.6,17.2,21.3,23.8,24.2,21.7,17.8,14.3,11.3,16.3
39.900,18.267,8.0,8.5,10.3,13.1,17.0,21.6,24.2,24.5,21.1,17.1,13.3,10.1,15.7
39.983,18.083,9.1,9.6,11.3,14.4,18.4,23.0,25.5,25.8,22.6,18.4,14.2,11.0,16.9
40.300,17.733,10.8,11.2,12.8,14.9,18.1,22.5,24.6,24.5,21.9,18.2,14.6,11.7,17.2
40.633,16.933,7.3,7.4,9.9,13.1,17.3,21.6,24.6,25.0,21.3,16.8,12.5,9.2,15.5
40.600,17.233,7.5,8.0,10.2,13.3,17.7,22.3,25.1,25.2,21.5,17.0,12.6,9.5,15.8
40.433,16.883,8.7,9.2,11.0,13.4,17.8,21.8,24.9,25.1,22.1,17.7,13.0,9.8,16.2
40.517,17.400,8.4,8.8,10.6,13.6,18.2,22.1,24.8,24.9,21.7,17.4,12.8,9.6,16.1
40.383,17.433,9.6,10.1,11.8,14.5,18.9,23.0,25.7,25.9,22.7,18.4,14.3,10.9,17.2
40.400,17.633,8.5,9.2,11.1,14.3,18.4,23.2,25.9,26.2,22.6,17.9,13.7,10.5,16.8
40.583,17.117,8.5,9.4,11.5,14.8,19.2,23.3,26.3,26.9,22.8,18.6,14.4,10.7,17.2
40.450,17.383,8.2,9.2,10.8,13.9,18.1,20.0,21.9,24.9,19.4,17.4,14.1,10.5,15.7
40.450,17.300,9.1,9.5,11.4,14.0,18.2,22.3,25.1,25.1,22.2,18.1,13.8,10.4,16.6
40.367,16.817,8.4,9.1,11.5,14.2,18.2,22.9,26.1,26.3,23.0,18.2,13.7,10.3,16.8
40.683,16.617,6.0,6.6,8.9,12.6,16.8,21.5,24.5,25.1,21.3,16.0,11.7,8.4,15.0
40.283,16.567,7.4,8.1,10.2,13.2,17.7,21.5,25.3,25.5,21.8,17.4,13.0,9.2,15.9
40.133,16.633,9.4,10.0,11.8,14.5,18.7,23.7,26.6,26.7,23.3,18.6,14.5,11.5,17.4
40.217,16.683,7.8,9.1,11.3,14.0,18.0,22.3,25.2,25.4,22.2,18.0,13.8,9.8,16.4
40.400,16.217,3.4,3.9,6.2,9.4,14.4,18.7,21.8,22.2,18.5,13.1,9.0,5.5,12.2
40.617,16.150,4.9,5.5,7.6,11.2,15.5,20.3,24.0,24.4,20.3,14.8,10.2,6.9,13.8
40.167,16.433,7.4,8.1,10.0,12.9,17.2,21.9,25.0,25.2,21.8,16.7,12.5,9.4,15.7
40.800,15.733,3.6,4.7,6.9,10.6,14.8,19.3,22.0,22.4,18.6,13.7,9.4,5.8,12.7
40.867,15.850,3.4,5.3,6.8,10.0,14.3,19.1,22.1,22.8,18.6,14.1,10.3,6.0,12.7
40.083,16.017,3.9,4.1,6.1,8.7,13.3,17.2,20.2,20.6,17.6,13.0,8.5,5.3,11.5
41.050,15.800,6.8,8.4,10.4,13.9,17.9,22.5,25.2,25.2,21.9,17.0,12.6,9.4,15.9
39.983,15.717,8.7,8.8,10.6,12.9,16.5,20.4,23.2,23.4,21.1,17.2,13.3,10.5,15.6
41.000,15.650,5.6,6.3,8.4,11.8,15.8,20.4,23.2,23.6,20.0,14.8,10.8,7.9,14.1
40.233,15.867,3.9,4.3,6.7,10.0,14.5,18.5,21.8,22.4,18.9,13.8,9.6,6.3,12.6
40.933,15.983,5.1,5.8,8.3,11.9,16.4,20.9,24.1,24.6,20.7,15.3,10.5,7.4,14.3
40.833,15.400,1.7,2.5,4.9,8.4,12.0,16.7,19.2,18.9,15.8,11.1,6.8,3.7,10.1
40.633,15.633,3.5,4.4,6.7,10.3,14.5,18.6,21.6,21.9,18.2,13.5,8.7,5.5,12.3
40.633,15.800,3.7,4.0,6.2,9.2,13.6,17.5,20.4,20.7,17.4,12.8,8.3,5.3,11.6
40.950,15.583,4.4,5.7,7.7,11.8,15.2,20.7,22.7,23.0,19.3,13.8,9.6,7.0,13.4
40.133,16.150,4.7,5.1,7.1,10.6,15.4,19.2,22.3,22.4,18.2,12.7,8.9,5.6,12.7
39.617,15.850,11.0,11.0,13.0,15.3,18.7,22.7,25.3,25.7,23.4,19.5,15.8,12.8,17.9
39.583,15.883,8.0,8.2,9.8,12.3,16.3,19.8,22.7,23.3,20.8,16.8,12.5,9.2,15.0
39.567,16.800,9.9,10.3,11.8,14.8,18.9,23.2,26.2,26.4,23.0,18.4,14.6,11.5,17.4
39.400,16.817,8.5,9.3,11.4,14.6,18.5,24.0,27.3,26.7,23.5,18.6,14.3,10.1,17.2
39.800,16.200,6.4,7.1,9.4,12.3,16.8,21.5,24.4,24.7,21.1,15.9,11.6,8.4,15.0
39.283,16.250,7.6,8.3,10.3,12.9,17.2,21.7,24.7,24.8,21.8,16.7,12.6,9.4,15.7
39.567,16.050,5.7,6.3,8.4,11.2,15.6,19.9,22.9,23.4,20.1,15.1,11.0,7.6,13.9
39.233,16.067,8.7,8.9,10.8,13.3,16.9,21.0,23.4,23.9,21.4,17.5,13.5,10.7,15.8
39.567,16.633,8.9,9.4,11.3,14.1,18.5,23.1,26.1,26.4,22.6,17.7,13.6,11.0,16.9
39.333,16.433,0.8,1.7,3.3,6.4,10.9,15.0,17.9,18.0,14.7,10.1,6.1,2.4,8.9
39.500,16.217,8.9,9.8,11.6,14.2,18.4,22.3,25.1,25.8,22.0,17.9,14.1,10.7,16.7
39.267,16.317,6.2,6.9,9.2,12.7,16.8,21.6,24.7,24.6,21.5,16.3,12.1,7.8,15.0
39.783,16.483,9.7,10.4,12.3,14.8,18.9,23.5,26.6,26.7,23.3,18.8,14.8,11.8,17.6
38.933,16.867,10.8,11.2,12.8,15.7,19.6,24.2,27.3,27.5,24.5,20.1,16.0,12.5,18.5
38.900,16.583,8.9,9.1,10.4,13.0,17.5,21.5,24.1,24.5,21.7,17.4,13.6,10.5,16.0
38.683,16.417,6.5,6.9,8.5,11.3,15.1,19.1,21.9,22.4,19.8,15.3,11.4,8.6,13.9
38.900,16.233,9.8,9.9,11.4,13.2,17.0,20.7,23.3,23.7,21.3,18.0,14.0,10.9,16.1
38.967,16.317,9.2,9.6,11.3,13.7,17.2,21.8,24.0,24.5,22.1,17.9,14.0,11.1,16.4
39.067,16.567,1.4,1.6,3.7,6.7,11.2,15.3,18.3,18.9,15.2,10.8,6.9,3.4,9.5
39.367,17.133,10.7,11.1,13.0,15.9,19.9,24.2,27.5,27.7,24.3,19.7,15.7,12.6,18.5
39.200,16.667,0.8,1.3,3.1,6.3,10.7,15.0,17.7,17.9,14.6,10.1,6.2,2.5,8.9
39.083,17.133,10.6,11.0,12.7,15.6,19.7,24.2,27.2,27.2,24.2,19.8,15.6,12.2,18.3
39.000,17.067,9.2,9.3,10.8,13.1,17.4,21.9,25.0,25.2,22.1,17.8,13.5,10.4,16.3
38.200,16.167,9.7,10.0,11.5,14.0,18.3,22.7,25.9,26.3,23.3,18.7,14.9,11.5,17.2
37.967,16.083,11.8,12.0,13.4,15.9,19.7,24.2,27.2,27.2,24.8,20.5,16.9,13.5,18.9
38.383,16.417,9.5,9.8,11.4,13.8,18.3,22.7,25.9,26.2,23.0,18.3,14.6,11.3,17.1
38.367,16.083,8.0,8.2,9.6,12.5,16.4,20.9,23.0,23.4,21.3,17.1,13.0,9.7,15.3
37.917,15.783,11.8,12.0,13.4,15.8,19.4,23.8,26.7,27.0,24.5,20.4,16.8,13.5,18.8
38.350,15.850,10.5,10.8,12.0,14.5,18.1,22.2,24.8,25.1,22.9,18.9,15.3,12.2,17.3
38.100,15.650,11.5,11.7,12.9,15.1,19.0,22.8,26.0,26.3,23.6,19.8,16.0,12.9,18.1
38.483,15.983,11.4,11.5,13.0,15.4,18.6,22.5,25.3,25.5,23.3,19.5,16.0,13.0,17.9
38.167,15.833,1.7,2.2,4.0,6.7,10.5,14.8,17.1,17.7,15.2,10.7,7.0,3.8,9.3
38.267,16.283,11.7,11.9,13.4,15.8,19.9,24.2,27.4,27.7,24.7,20.4,16.7,13.5,18.9
38.600,16.067,9.2,9.6,10.9,13.5,17.3,21.6,24.3,24.7,22.2,17.9,14.1,11.1,16.4
38.500,16.333,3.0,3.5,4.9,7.6,11.3,14.4,16.6,16.9,14.4,10.7,7.1,4.3,9.6
38.733,16.167,12.2,12.2,13.2,15.1,19.3,22.9,25.6,26.3,23.7,20.1,16.4,13.5,18.4
38.583,16.333,3.8,4.0,5.7,8.4,11.7,15.4,17.6,18.1,15.7,11.9,8.5,5.6,10.5
38.683,15.900,10.5,10.5,12.1,14.4,17.8,21.8,24.5,24.9,22.4,18.5,15.1,12.1,17.1
37.317,13.567,11.0,11.2,12.8,15.1,19.2,23.7,26.4,26.5,23.7,19.8,15.9,12.7,18.2
37.617,13.433,8.2,9.1,10.8,13.6,18.4,23.6,26.5,26.6,22.6,17.4,13.1,9.8,16.6
35.483,12.600,13.5,13.6,14.2,15.9,18.8,22.3,25.2,26.4,25.0,22.1,18.4,15.1,19.2
37.100,13.933,11.6,11.1,12.7,14.5,18.2,22.3,25.5,25.9,23.6,19.9,16.3,12.8,17.9
37.400,13.733,7.7,8.2,10.0,12.7,17.3,22.4,25.1,25.4,21.9,17.0,12.9,9.4,15.8
37.500,13.083,11.8,11.7,12.9,14.9,18.6,22.8,25.6,26.0,23.8,20.2,16.4,13.3,18.2
37.483,14.067,7.2,7.8,9.6,12.3,16.9,21.9,24.6,24.6,21.5,16.7,12.2,9.0,15.4
37.083,14.217,11.7,11.7,12.5,14.2,17.7,21.0,23.2,24.2,22.9,19.7,16.0,13.0,17.3
37.300,14.200,7.2,7.9,9.9,12.6,17.3,22.4,25.3,24.1,20.6,16.0,11.2,7.5,15.2
37.600,15.150,10.3,10.5,11.7,13.8,17.7,21.6,24.5,24.6,22.0,18.2,14.6,11.7,16.8
37.233,14.517,8.2,8.7,10.4,12.8,17.3,22.2,25.2,25.4,22.1,17.5,13.4,9.9,16.1
37.500,15.083,11.3,11.9,13.3,15.4,19.5,23.3,26.4,26.6,23.7,19.5,15.8,12.6,18.3
37.467,15.050,10.4,10.8,12.1,14.2,17.8,21.9,24.9,25.5,23.2,19.2,15.0,11.7,17.2
37.833,15.150,6.3,6.8,8.4,10.9,15.7,20.2,23.3,23.3,19.7,14.6,11.0,8.0,14.0
37.267,14.683,7.9,8.9,10.9,13.6,18.0,23.2,26.5,26.5,22.5,17.6,13.2,9.6,16.5
37.617,15.017,6.5,7.0,9.1,11.5,16.2,20.8,23.7,23.4,19.7,15.1,11.5,7.8,14.4
37.617,15.100,9.1,9.6,11.2,13.8,18.5,22.7,25.4,25.3,21.8,17.1,13.5,10.4,16.5
37.700,15.100,8.3,9.9,11.1,12.9,17.0,21.3,24.2,24.8,21.0,17.1,13.7,10.8,16.0
37.617,14.733,6.8,7.4,9.7,13.5,17.6,23.1,25.9,25.5,21.5,16.5,12.2,8.2,15.7
37.550,14.283,5.1,5.4,6.9,9.4,14.5,19.4,22.4,22.7,19.0,14.1,10.1,6.7,13.0
37.750,14.400,4.4,5.2,6.4,8.9,13.9,18.6,21.7,22.1,18.6,14.0,9.5,6.0,12.4
37.383,14.367,6.8,7.5,9.4,11.6,16.6,21.3,24.4,24.7,21.0,16.2,12.0,8.3,15.0
37.833,14.717,3.7,4.0,6.9,10.1,14.2,19.7,22.5,22.3,18.8,13.9,9.4,5.0,12.5
37.983,14.917,1.2,1.9,3.9,6.7,11.0,15.7,18.1,18.4,15.1,10.5,6.5,3.0,9.3
38.200,15.550,11.7,11.8,13.2,15.4,19.0,23.0,26.1,26.6,24.0,20.2,16.3,13.2,18.4
38.133,15.050,10.2,10.6,11.9,14.2,17.7,21.8,24.3,24.9,22.6,18.9,15.2,12.1,17.0
37.850,15.283,11.0,11.4,12.7,15.1,19.0,23.4,26.2,26.6,23.7,19.6,16.0,12.8,18.1
38.033,14.017,12.0,12.4,13.6,15.9,19.5,23.3,26.2,26.8,24.4,20.7,17.0,13.8,18.8
37.900,13.550,8.0,8.4,10.3,12.5,16.8,21.5,24.1,24.2,19.8,15.8,12.9,9.5,15.3
38.183,13.100,12.5,12.6,13.4,15.6,18.9,22.5,25.6,26.3,24.1,20.5,16.9,13.8,18.6
37.817,13.300,7.2,8.1,10.2,11.7,16.9,21.7,24.4,24.6,21.2,16.8,12.4,9.1,15.4
37.733,13.600,6.8,7.6,9.5,12.0,16.6,21.4,24.4,24.6,21.2,16.5,12.2,8.7,15.1
38.083,13.283,10.5,11.0,12.8,15.1,19.1,23.0,25.6,25.8,23.0,19.1,15.4,12.0,17.7
38.117,13.300,11.6,11.7,13.0,15.0,18.8,22.7,25.5,26.0,23.7,19.7,16.1,12.9,18.1
38.100,13.350,11.1,11.5,12.8,15.1,18.1,21.9,24.5,25.0,23.1,19.6,16.0,12.7,17.6
38.050,13.117,11.2,11.7,13.7,16.3,20.4,24.7,27.7,27.7,24.6,20.2,16.1,12.6,18.9
37.800,14.083,4.7,5.5,7.6,10.6,15.3,20.5,23.1,23.1,19.4,14.2,9.8,6.2,13.3
37.717,13.433,4.5,4.9,6.6,9.0,14.0,18.6,21.6,21.8,18.3,13.7,9.2,5.8,12.3
37.967,13.183,8.5,8.9,10.8,13.7,18.0,22.7,25.5,25.7,22.5,17.9,13.6,10.2,16.5
38.700,13.167,10.8,10.7,11.7,13.6,17.2,21.2,24.3,25.0,22.7,19.0,15.2,12.3,17.0
36.933,14.733,8.1,8.6,10.4,12.4,17.3,22.4,25.0,25.3,21.9,17.2,13.3,9.7,16.0
36.950,14.533,10.0,10.9,12.7,15.1,19.2,23.6,25.8,25.8,23.2,19.3,14.8,11.6,17.7
37.400,14.917,10.3,10.8,12.2,14.4,18.5,22.9,25.9,26.4,23.5,19.3,14.9,11.5,17.6
37.283,15.000,10.2,10.9,12.7,15.4,19.2,23.9,26.7,27.3,24.3,19.6,15.3,11.9,18.1
36.683,15.133,12.0,12.2,13.2,15.1,18.6,22.6,25.5,26.2,24.1,20.5,16.7,13.5,18.4
37.050,15.283,11.1,11.4,12.9,15.2,18.8,23.0,26.0,26.2,23.7,20.0,15.8,12.6,18.1
37.917,12.867,8.5,9.3,11.4,14.1,17.4,22.3,25.5,25.1,22.4,18.6,14.7,10.9,16.7
37.800,12.433,11.8,12.0,13.1,15.1,18.2,21.9,24.1,24.7,23.0,19.6,16.2,13.1,17.7
37.650,12.583,10.6,11.1,12.9,15.1,18.9,23.1,25.6,25.9,23.4,19.3,15.5,11.4,17.7
36.817,11.967,11.4,11.5,12.6,14.5,18.0,21.6,24.3,25.1,23.1,19.6,15.8,12.7,17.5
37.717,12.883,9.1,9.3,11.3,13.8,18.4,22.8,26.0,26.4,23.0,18.4,13.9,10.4,16.9
37.917,12.500,11.4,11.5,12.6,14.5,18.1,21.7,24.5,25.3,23.1,19.7,15.7,12.7,17.6
38.017,12.500,11.6,11.5,13.2,15.4,18.4,22.7,25.9,25.8,23.5,19.7,16.0,13.2,18.1
39.517,9.383,8.0,8.8,11.5,13.3,18.1,22.8,27.3,27.2,23.1,18.0,13.4,9.8,16.8
39.217,9.150,10.2,10.8,12.5,14.8,18.3,22.2,25.1,25.3,22.9,19.0,14.9,11.5,17.3
39.150,8.300,11.4,11.5,12.8,14.7,17.8,21.5,24.1,24.6,23.0,19.4,15.6,13.0,17.5
39.350,8.967,9.2,9.7,11.1,13.3,17.3,21.5,24.7,25.2,22.3,18.1,13.5,10.3,16.4
39.417,9.100,8.0,8.5,10.8,13.2,17.4,21.8,25.1,25.3,22.9,18.1,13.4,9.9,16.2
39.250,9.067,9.7,10.2,11.7,13.6,17.3,21.4,24.1,24.5,22.1,18.2,13.9,11.0,16.5
39.300,8.533,10.1,10.5,12.3,14.3,18.2,23.3,26.6,26.9,24.1,19.3,15.0,11.8,17.7
39.650,9.133,7.0,7.3,9.4,11.4,15.7,20.0,23.4,23.5,20.6,16.1,11.6,8.5,14.5
39.417,9.567,11.0,11.2,12.9,15.0,18.9,23.0,26.2,26.6,23.7,19.1,15.0,12.1,17.9
39.500,8.967,8.9,9.2,11.3,13.5,17.3,22.0,25.1,25.3,23.0,18.5,13.9,10.5,16.5
39.300,9.200,10.3,10.9,12.1,13.3,17.5,22.0,25.2,25.4,22.6,18.2,13.9,11.2,16.9
39.300,8.933,9.1,9.7,11.7,13.8,17.6,22.0,24.6,24.9,22.5,18.2,13.8,10.7,16.6
39.467,8.733,8.5,9.0,11.0,13.2,17.6,22.1,25.4,25.4,22.8,17.9,13.2,10.3,16.4
39.917,9.533,7.8,8.1,9.7,12.1,16.5,20.2,23.8,23.6,20.8,16.1,12.2,9.3,15.0
40.017,9.233,5.1,5.1,7.5,10.0,14.3,18.2,22.0,21.7,18.7,13.7,9.3,6.1,12.6
40.283,9.650,11.6,12.6,13.3,15.5,19.1,22.4,25.9,26.3,23.8,19.9,16.3,13.5,18.4
39.633,9.350,8.9,9.4,11.2,13.2,17.3,21.6,25.4,25.3,22.4,17.7,13.2,10.1,16.3
40.117,9.250,4.3,4.3,6.3,8.0,12.7,17.1,21.1,21.2,17.9,13.0,8.3,5.5,11.6
40.267,8.783,8.1,8.5,10.7,13.3,17.7,21.8,25.0,25.3,22.8,17.4,12.4,9.4,16.0
40.317,9.333,6.7,7.3,8.7,11.2,16.0,19.4,23.6,23.8,20.0,16.3,10.5,7.4,14.2
39.717,9.217,5.8,6.4,8.8,11.2,15.0,19.3,23.0,22.9,20.1,15.2,10.4,7.4,13.8
40.383,9.667,10.6,11.2,12.9,14.8,17.8,21.6,24.4,24.4,22.7,18.8,15.1,12.6,17.2
39.667,9.450,6.6,6.6,8.4,10.2,14.8,18.9,22.7,22.8,19.4,15.0,10.6,7.6,13.6
39.783,9.217,7.8,8.4,10.3,12.7,16.2,20.3,24.0,23.9,21.5,16.6,12.5,9.2,15.3
40.183,8.567,7.6,7.8,9.9,11.9,16.1,19.4,23.0,23.0,20.6,16.3,12.2,9.4,14.8
39.683,8.783,9.1,9.8,11.8,14.4,18.2,22.3,24.7,24.9,22.7,18.2,13.7,10.7,16.7
39.867,8.617,10.1,10.6,12.4,14.6,18.0,21.9,24.0,24.4,22.8,18.8,14.5,11.5,17.0
40.133,8.650,5.9,6.9,8.7,11.5,15.5,19.0,22.9,22.6,19.7,15.5,10.8,8.1,13.9
40.650,9.333,5.4,5.9,7.6,9.9,14.2,18.6,21.6,21.5,18.0,13.8,9.3,6.2,12.7
40.633,8.283,9.7,9.9,11.1,13.1,16.6,20.4,23.1,23.5,21.3,17.6,13.6,10.9,15.9
40.550,8.317,9.9,10.2,11.8,14.1,17.0,20.7,23.0,23.4,22.1,18.2,14.6,11.7,16.4
41.217,9.400,11.0,11.2,12.8,15.0,18.2,21.8,24.8,24.9,22.7,19.2,15.4,12.8,17.5
41.217,9.400,10.0,10.0,11.1,13.1,16.5,20.2,23.1,23.6,21.1,17.5,13.8,11.2,15.9
41.050,9.217,7.6,8.2,9.8,12.3,16.3,20.2,23.6,23.4,20.1,15.7,11.3,8.1,14.7
40.933,9.500,9.3,9.7,11.3,13.4,16.9,20.7,23.6,23.6,21.3,17.3,13.5,10.9,16.0
40.900,9.517,9.6,10.2,11.2,13.0,16.8,21.3,24.4,24.8,21.6,17.1,13.0,10.3,16.1
40.583,9.000,8.0,8.5,9.7,12.5,16.8,21.4,24.3,24.5,21.1,16.5,11.6,8.8,15.3
40.733,8.617,8.7,9.2,11.0,13.5,17.0,20.9,23.9,24.0,21.5,17.3,13.1,10.0,15.8
40.883,8.750,8.9,9.2,10.9,13.2,17.1,20.6,23.5,23.5,21.0,17.3,13.6,10.8,15.8
40.900,9.100,5.9,6.5,8.4,11.0,14.8,18.5,22.1,22.5,19.7,15.3,10.9,7.9,13.6
40.500,8.467,6.5,6.7,8.9,11.8,15.5,19.6,23.4,23.3,20.7,15.7,11.1,8.0,14.3